제4장 양을 쫓는 모험I	Часть четвертая ОХОТА НА ОВЕЦ - I
	
우연성 같은 것은 애당초  존재하지 않는다고도 할 수 있다.	
이미 일어나 버린 일은 명확하게 일어나 버린 일이며, 아직  일어나지 않은 일은 아직 명확하게 일어나지 않은 일이다.	
우리는 배후의 '모든 것'과 눈앞의 '제로' 사이에 끼인 순간적인 존재고, 거기에는 우연도 없고 가능성도 없다는 뜻이다.	
	
1. 기묘한 남자에 관한 이야기·서장	1. ДО ПОЯВЛЕНИЯ ЧЕЛОВЕКА СО СТРАННОСТЯМИ
	
 한 사람의 인간이 습관적으로 많은 양의 술을 마시게 되는 데에는 여러 가지 이유가 있다.	Существует много различных причин, отчего человек начинает регулярно и в больших дозах употреблять алкоголь.
이유는 다양하지만, 결과는 대개 똑같다.	Причины могут быть разные, а результат, как правило, один.
1973년에 나의 공동 경영자는 즐거운 주정뱅이였다.	В 1973-м году мой партнер по работе был жизнерадостным выпивохой.
1976년에 그는 아주 조 금 신경질적인 주정뱅이가 되었고, 그리고 1978년 여름에는 초기 알코올 중독으 로 통하는 문의 손잡이에 어설프게 손을 대고 있었다.	В 1976-м он превратился в выпивоху с едва заметными сложностями в общении, а к лету 1979-го пальцы его уже сами тянулись к ручке двери, ведущей в алкоголизм.
많은 습관적 음주자가 그렇듯이 취하지 않았을 때는 그는 예민하다고는 할 수 없더라도 착실하고 호감 이 가는 사람이다. 누구든지 그를 예민하다고는 하지 않더라도 착실하고 호감이 가는 사람이라고 생각했다.	Как и многие пьющие регулярно, в трезвом виде это был человек обаятельный, если не сказать - утонченный, и достойный во всех отношениях.
그도 자기 자신에 대해서 그렇게 생각하고 있었다.	Он и сам о себе так думал.
그래서 술을 마셨 다.	Оттого и пил.
알코올이 들어가면 자신이 확실하고 호감이 가는 사람이라는 생각에 완벽 하게 동화(同化)될 수 있을 것 같기 때문이었다. 물론 처음에는 제대로 동화될 수 있었다.	Ибо был убежден, что, выпив, сможет еще удачнее соответствовать представлению о себе как о достойнейшем и обаятельнейшем человеке.
그러나 시간이 지나고 주량이 늘어 남에 따라서 거기에 미묘한 오차가 생기고, 그 미묘한 오차는 이윽고 깊은 골을 만들게 되었다.	Конечно, поначалу у него получалось неплохо.
	Однако время шло, дозы все увеличивались, и спустя какое-то время едва уловимая погрешность программы - трещинка, возникшая неведомо когда, - разрослась и зазияла бездонной пропастью в общей схеме его жизни.
그의 착실함과 호감이 너무나 앞질러 가서 그 자신조차도 따라 잡을 수 없게 되고 만 것이다.	Его достоинства и обаяние понесло вперед на таких скоростях, что он уже сам за ними не поспевал.
흔히 있는 일이다.	Случай обычный.
그러나 대부분의 사람들은 자기 자신의 일을 흔히 있는 일이라고 생각하지는 않는다.	Но большинство людей ни за что не хочет считать 'обычным случаем' собственную персону.
예민하지 못한 사람이라면 더욱더 그렇다.	А натуры утонченные - и подавно.
그는 잃어버런 것과 다시 만나기 위해서 보다 깊은 알코올의 안개 속을 헤매기 시작했다. 그리고 상황은 더욱 나빠졌다.	В надежде снова найти в себе то, что уже потерял, он решил забрести еще глубже в алкогольный туман.
그러나 적어도 아직은 날이 저물 때까지의 그는 정상이었다.	С тех пор дела его шли только хуже.
나는 벌서 몇 년 동안이나 날이 저문 뒤에는 의식적으로 그와는 마주치지 않으려고 해왔으므 로, 나에게 있어서 그는 정상이었다.	Впрочем, днем, до захода солнца, он еще держался достойно.
	Уже несколько лет подряд я сознательно старался не встречаться с ним по вечерам, и поэтому, по крайней мере для меня, он еще оставался достойным человеком.
하지만 날이 저문 후의 그가 정상이 아니 라는 사실은 나도 잘 알고 있었고, 본인도 잘 알고 있었다.	Хотя я знал, что все его достоинства исчезают с наступлением темноты, как знал о том и он сам.
	В разговорах с ним мы ни разу не затрагивали этой темы, но оба знали, что каждый в курсе происходящего.
우리는 그 일에 대 해서는 일체 언급하지 않았지만, 서로가 그 사실을 알고 있다는 것을 인식하고 있었다.	Отношения наши по-прежнему оставались прекрасными.
우리는 여전히 잘해 나가고 있었지만, 이제는 예전과 같은 친구는 아니 었다.	Но друзьями, как раньше, мы быть перестали.
	Не могу сказать, что мы понимали друг друга на все сто процентов (дай Бог, чтобы хоть процентов на семьдесят), но это был мой лучший приятель студенческих лет.
100퍼센트 서로 이해하고 있다고는 할 수 없다 하더라도(70퍼센트도 미심쩍지 만) 적어도 그는 내 대학 시절의 유일한 친구인데, 그런 친구가 비정상적으로 변 해 가는 모습을 바로 가까이 에서 지켜보는 것은 나에게도 괴로운 일이었다.	И мне было особенно горько наблюдать, как такой человек опускался все ниже, теряя достоинство прямо у меня на глазах.
그러나 결국 나이를 먹는다는 것은 그런 일인 것 같다.	Хотя - может, с такой вот горечью к нам и приходит зрелость...
내가 사무실에 도착했을 때, 그는 이미 위스키를 한 잔 마시고 있었다.	К моменту, когда я появился в конторе, он уже принял свою порцию виски.
한 잔 으로 그치면 그는 정상이었지만, 마시고 있다는 데에는 변함이 없었다. 언젠가 는 두 잔을 마시게 될지도 모른다.	После одной порции, если ею ограничивался, он был еще в норме. Но в этом деле есть свой неизменный закон.
	Стоит начать с 'одной', как вскоре как-то незаметно для себя переходишь и на 'пару-тройку'. Как только такое случится с ним, мне придется порвать с этой фирмой и искать другую работу.
	Стоя перед решеткой кондиционера, я просушивал взмокшее тело и отхлебывал приготовленный секретаршей холодный ячменный чай.
그렇게 되면 나는 이 회사를 떠나 다른 일 을 찾게 되리라.	Он молчал, я тоже не произносил ни звука.
나는 에어컨디셔너 앞에서 땀을 식히면서 여자아이가 가져다준 차가운 보리차 를 마셨다.	Пятна яркого полуденного света лежали фантастическими кляксами на линолеуме.
그와 나는 아무 말도 하지 않았다. 오후의 강한 햇살이 환상적인 물보라처럼 리놀륨 바닷가에 내리쬐고 있었다.	За окном внизу, весь в зелени, раскинулся парк, крохотными точками на траве виднелись ленивые тела загорающих.
눈 아래에는 공원의 녹음이 펼쳐져 있었고, 잔디위에 벌렁 누워서 한가롭게 일 광욕을 즐기고 있는 사람들의 모습이 조그맣게 보였다.	Мой напарник сидел напротив меня и концом шариковой ручки ритмично тыкал в левую ладонь.
그는 볼펜 끝으로 왼손 손바닥을 콕콕 찌르고 있었다.	- Ты что, развелся? - заговорил он, наконец.
이혼했다며?' 라고 그가 입을 열었다.	- Да уже три месяца! - ответил я, не отводя глаз от пейзажа в окне.
나는 창 밖에 시선을 둔채 '두 달 전 이야기야' 라고 대꾸했다.	Без темных очков болели глаза.
선글라스를 벗으니 눈을 따끔거렸다.	- Почему развелся?
왜 이혼했어?' '개인적인 일이야.'	- По личным причинам.
알고 있어' 라고 그는 참을성 있게 말했다.	- Ну, это понятно, - произнес он терпеливо.
개인적이지 않은 이혼이란 들어 본 적도 없어.'	- Ни разу не слышал о разводе не по личным причинам.
나는 잠자코 있었다.	Я молчал.
서로의 사적인 문제에 대해서는 언급하지 않기로 한 것 은 오랜 시간에 걸친 우리의 암묵적인 약속이었다. '쓸데없이 캐물을 생각은 없어.	Вот уже много лет между нами было что-то вроде негласной договоренности: не касаться проблем личной жизни друг друга.
	- Я не собираюсь ничего выпытывать, - пояснил он, как бы извиняясь, - Но все-таки мы с ней тоже были друзьями, и это меня несколько... шокировало.
하지만 나는 그녀와도 친구였고, 약간 쇼크였 단 말이야.	Я ведь думал - вы хорошо ладили...
게다가 너희들의 줄곧 잘 지내고 있는 줄 알았거든.'	- А мы всегда хорошо ладили.
그는 변명하듯이 말했다. '계속 잘 지냈지.	И разошлись без скандала.
	Озадаченный, мой напарник замолчал, только шариковая ручка все щелкала, тыкаясь в его распахнутую ладонь.
	На нем была темно-голубая рубашка с черным галстуком, волосы сохраняли аккуратные следы расчески.
그리고 싸우고 나서 헤어진 것도 아니야.'	Одеколон и лосьон, судя по запаху, из одного набора.
	На мне же - майка, на которой Снупи обнимался с доской для виндсерфинга, старенькие, добела застиранные 'ливайсы' и замызганные теннисные туфли.
그는 난처한 표정으로 입을 다물고는 여전히 볼펜 끝으로 손바닥을 콕콕 찌르 고 있었다.	На любой посторонний взгляд, он смотрелся куда приличнее.
그는 짙은 파란색 새 셔츠에 검은 넥타이를 매고, 머리는 단정하게 빗어 넘기고 있었다.	- Помнишь то время, когда мы работали вместе с ней, втроем?
오데코롱과 로션의 냄새로 잘 어울렸다.	- Прекрасно помню, - ответил я.
나는 스누피가 서핑 보드를 안고 있는 그림이 찍힌 티셔츠에, 하얗게 될 정도 로 빨아댄 낡은 리바이스 청바지를 입고, 흙투성이 테니스화를 신고 있었다.	- Хорошее было время, - сказал мой напарник.
	Я прошел от кондиционера в центр комнаты, плюхнулся на шведский диван небесно-голубого цвета, заколыхавшийся подо мной, как желе, вытянул из настольной сигаретницы для посетителей штуку 'Пэл-Мэла' с фильтром и прикурил от массивной зажигалки.
누 가 보더라도 그가 더 정상이었다.	- Ну и что?
우리 셋이서 함께 일하던 시절을 기억 하나?'	- Пожалуй, мы тогда схватились за слишком много дел сразу...
기억하구말구' 라고 나는 대답했다.	- Это ты про объявления для журналов?
그땐 즐거웠지' 라고 그는 말했다.	Мой напарник кивнул.
나는 에어컨디셔너 앞을 떠나서 방 한가운데에 있는 푹신푹신한 스웨덴제 하 늘색 소파에 앉아, 접대용 담배 케이스에서 필터 달린 폴몰을 한 개비 집어서 무거운 탁상 라이터로 불을 붙였다.	Я вдруг ощутил к нему что-то вроде сочувствия: он, видно, порядком помучился перед тем, как начать такой разговор.
그래서?' '아무래도 일을 너무 크게 벌린 게 아닌가 하는 생각이 들어.'	Я взял со стола увесистую зажигалку, повернул винт и укоротил длину пламени.
	- Я понимаю, что тебе неохота про все это говорить, - сказал я и положил зажигалку обратно на стол.
자네는 광고나 잡지를 말하는 거지?'	- Но ты вспомни сам.
그는 고개를 끄덕였다. 그가 이 말을 꺼내기까지 어지간히 고민했을 게 틀림 없을 거라는 생각을 하니 조금 안돼 보였다.	С самого начала - не я принес эту работу, и не я предлагал ею заняться.
나는 탁상용 라이터의 무게를 확 인하고 나서 나사를 돌려 불꽃을 조절했다.	
나는 '자네가 무슨 말을 하려는지 알아' 라고 말하고 나서 라이터를 테이블 위에 다시 올려놓았다.	Это ты ее нашел, и предложил ее всем тоже ты.
하지만 잘 생각해 봐.	Разве не так?
그런 일들은 애당초에 내가 맡아 온 것도 아니고, 내 가 하자고 말을 꺼낸 것도 아니잖아.	- Тогда была вынужденная ситуация, я не мог отказаться.
자네가 일을 맡아 왔고, 자네가 해보자고 했던 거야. 안 그래?'	И к тому же, у нас была куча свободного времени...
거절하기 어려운 사정도 있었고, 그때는 마침 한가하기도 했고······.'	- Опять же, и деньги получились хорошие...
돈이 되기도 했지.' '돈벌이는 됐지.	- Да, мы тогда прилично заработали.
덕분에 넓은 사무실로 이사할 수 있었고 사람도 늘어났고, 차도 바꿨고, 맨션도 샀고, 두 아이를 돈이 많이 드는 사립 학교에 넣을 수도 있 었지.	И в контору попросторнее перебрались, и людей смогли побольше нанять.
	Я вот машину себе заменил, квартиру купил новую, обоих детей в частный колледж отдал - тоже прилично стоило...
서른치고도 돈이 있는 편이라고 생각해.'	Все-таки к тридцати уже лучше что-нибудь иметь за душой.
자네가 번 거야.	- Ну, ладно.
부끄러울 건 없어.' '누가 부끄럽대?'	Заработал - и заработал.
라고 그는 대꾸했다.	Чего тут оправдываться?
그리고 책상 위에 내던졌던 볼펜을 집어서 손바닥 한가 운데를 몇 번인가 가볍게 콕콕 찔렀다.	- Да вовсе я не оправдываюсь! - ответил мой напарник.
	Сказав так, он подобрал брошенную на стол авторучку и несколько раз легонько потыкал ею в ладонь.
하지만 말이야, 옛날 일을 생각하면 왠지 거짓말 같아.	- Только знаешь...
	Сейчас, как вспомню те времена - как-то даже не верится, что все действительно было.
둘이서 빚을 지며 번 역 일을 맡으러 돌아다니고, 역전에서 광고지를 돌리던 시절의 일들 말이야.'	Все эти наши долги на двоих, переводы чего ни попадя, объявления на стенах метро...
	- Ну, если ты чувствуешь, что давно не расклеивал объявлений - я и сейчас могу составить тебе компанию...
지금이라도 그렇게 하고 싶으면 둘이서 광고지를 돌릴 수 있어.'	Он поднял голову и посмотрел на меня.
그는 고개를 들어 나를 바라보았다.	- Эй, я же не шутки шучу...
농담이 아니야.'	- Я тоже, - ответил я.
나도 그래' 라고 말했다.	Мы помолчали.
우리는 한동안 침묵을 지켰다. '여러 가지가 변했어' 라고 그가 말했다.	- Столько всего изменилось с тех пор, - произнес, наконец, мой напарник.
생활의 페이스라든가 사고 방식이 말이야.	- Скорость жизни, мысли людей...
우선 우리가 진짜로 얼마나 벌어 들이고 있는지 우리 자신들조차도 모르고 있잖아.	Вот, например, сейчас мы даже не знаем, сколько зарабатываем на самом деле!
세무사가 와서 뭔지 모를 알 쏭달쏭한 서류를 만들고 무슨 공제니 감가 상각이니 세금 대책이니, 그런 일이 나 하고 말이야.'	Приходит налоговый эксперт, сочиняет бумажки какие-то непонятные: 'там вычитаем, тут погашаем, здесь у нас налог чрезвычайный' - и так без конца...
어디서나 하는 일이야.'	- Но это везде так!
그걸 누가 모르나?	- Да я понимаю.
그렇게 해야만 한다는 것도 알고, 실제로로도 하고 있지.	И даже понимаю, что без этого - никуда.
하지만 옛날이 좋았어.' 나는 '자라남에 따라 감옥의 그늘은, 우리의 주위에 커지는구나.'	Но раньше было все-таки... веселее. - 'Дольше живу - и все выше тени невидимых стен у моей тюрьмы...' - пробормотал я себе под нос. ╜ Это что такое?
라는 옛 시(詩)의 구절을 읊조렸다.	- Так, ерунда, - сказал я.
뭐야, 그건?'	- Ну-ну, и что же?
아무것도 아니야. 그래서?'	- А то, что сейчас у нас - сплошное выколачивание денег.
라고 나는 되물었다. '지금은 어쩐지 착취하고 있는 것 같은 느낌이 든단 말이야.'	Мы просто эксплуататоры, кровососы - и ничего больше.
착취?' 나는 노라서 고개를 들었다.	- Эксплуататоры? - удивившись, я посмотрел на него.
우리는 2미터 가량 떨어져 있었고, 의자의 높이 때문에 그의 머리는 나보다 20센티미터쯤 위에 있었다.	Между нами было расстояние в пару метров; он сидел на стуле, и его голова находилась выше моей сантиметров на двадцать.
그의 머리 뒤로는 석판 화가 걸려 있었다.	За его головой висела картина.
	То было какая-то новая, не виданная мною ранее черно-белая литография, изображавшая рыбу с крыльями.
본 적이 없는 새로운 그림으로, 날개가 달린 물고기 그림이 었다.	Судя по морде, рыбе было не особенно радостно от наличия крыльев у себя на спине.
물고기는 제 등에 날개가 달려 있다는 데에 그다지 만족하고 있는 것 같 아 보이지 않았다.	Видимо, она плохо понимала, как ими пользоваться.
아마 사용법을 잘 모르는 모양이다. 이번에는 나 자신을 향해 '착취?'	- Кровососы?... - переспросил я, на этот раз самого себя.
하고 다시 한 번 질문을 던졌다.	- Они самые.
착취야.' '도대체 누구에게서?' '여러 곳에서 조금씩.'	- Ну, и чью же кровь мы сосем? - Да всех вокруг понемногу!
나는 하늘색 소파에 다리를 꼬고 앉아 때마침 내 눈 높이에 있는 그의 손과 그의 손 안에 있는 볼펜의 움직임을 뚫어지게 쳐다 보았다.	Кисти его рук находились как раз на уровне моего взгляда.
	Задрав ноги и скрестив их на спинке небесно-голубого дивана, я неотрывно следил за танцем ручки у него на ладони.
어쨌든 우리는 변했다고 생각하지 않아?' 라고 그는 말했다.	- Как бы там ни было, разве ты не видишь, что мы изменились?
마찬가지야. 아무도 변하지 않았어.	- Все по-старому.
아무것도 변하지 않았다구.' '정말로 그렇게 생각하는 거야?'	Никто не менялся, и ничто не менялось...
그럼. 착취 같은 건 존재하지 않아.	- Ты что, на самом деле так думаешь?
그런 건 동화 속에나 나오는 거야.	- Да, я так думаю.
자 네 구세군의 나팔이 정말로 이 세상을 구할 수 있다고 생각하는 건 아니겠지?	Никакой эксплуатации не существует.
자네는 생각이 너무 많아.'	Это все детские сказки.
	Ты же, я надеюсь, не веришь, что дудками Армии Спасения можно и впрямь спасти белый свет?
그래, 분명히 나는 생각을 너무 많이 해' 라고 그는 수긍했다.	Не придумывай то, чего нет!...
	- Ну, ладно - может, я напридумывал лишнего... - вроде как согласился он.
	- На прошлой неделе ты - вернее, мы оба - сочиняли текст рекламы про маргарин.
지난 주 자네는, 그러니까 우리는 마가린 광고 카피를 말들었어.	Надо сказать, отменная получилась реклама.
사실 나쁘 지 않은 카피였지.	Отзывы были самые положительные.
	Но ты мне скажи: сколько раз за последние годы ты лично ел маргарин?
평도 좋았구.	- Ни разу.
자네는 지난 몇 년 동안 마가린 같은 걸 먹어 본 적이 있나?'	Терпеть не могу маргарин.
없어. 마가린을 싫어하거든.'	- Вот и я ни разу.
나도 없어.	В этом-то все и дело!
	Раньше мы, по крайней мере, работали от чистого сердца, верили в то, что делали, за это и уважали себя.
결국 그런 거야.	А сейчас?
적어도 옛날의 우리는 확실하게 자신감을 가질 수 있는 일을 했고, 그것이 긍지이기도 했지.	Засоряем мир всяким дерьмом - словами без сути и смысла...
그런데 그게 지금은 없어. 실체 가 없는 말을 그저 마구 떠들어대고 있을 뿐이야.'	- Маргарин, между прочим, - полезный для здоровья продукт.
	И жиры в нем - исключительно растительные, и холестерина до крайности мало.
	Старческие болезни от него не развиваются, а в последнее время, говорят, даже вкус стал совсем не плохой...
마가린은 건강에 좋아.	И стоит дешево.
식물성 지방이고, 콜레스테롤도 적고 말이야.	И хранится долго...
성인병 에도 잘 안 걸리고 요즘엔 맛도 나쁘지 않지.	- Вот и жри его сам!
값싸고 오래 보관할 수도 있고.' '그럼 자네도 먹지 그래.'	Я откинулся вглубь дивана и медленно потянулся всем телом.
나는 소파에 푹 파묻혀서 천천히 팔다리를 쭉 폈다.	- Да не все ли равно?
마찬가지야. 우리가 마가린을 먹든 안 먹든 결과는 마찬가지라구, 점잖은 번역 일이나 엉터리 마가린 광고 카피나 근본은 마찬가지야.	Едим мы с тобой этот маргарин или нет - в конечном счете, разницы-то никакой!
	Переводить дежурную белиберду или сочинять рекламную фальшивку про маргарин - по сути, одно и то же занятие!
아닌게아니라 자 네 말처럼 우리는 실체가 없는 말을 해대고 있지.	Да, мы засоряем мир бессмысленными словами.
하지만 실체가 있는 말이 도 대체 어디에 있다는 거지?	Ну, а где ты их видел - слова, имевшие смысл?...
이것 보라구, 성실한 일 따위는 아무데도 없는 거라 구. 성실한 호흡이나 성실한 오줌이 아무데도 없는 것처럼 말이야.'	Брось ты, ей-Богу: не бывает ее, работы от чистого сердца.
자네 옛날에는 좀더 순진했는데.'	Нигде ты ее не найдешь.
	Это все равно, что пытаться дышать от чистого сердца или мочиться от чистого сердца в сортире!
나는 '그랬을지도 모르지' 라고 대꾸하며 재떨이에 담배를 비벼 껐다.	- Все-таки раньше ты был как-то... невиннее.
	- Возможно, - сказал я и затушил в тяжелой пепельнице сигарету. - 'В одном невинном городишке один мясник невинный жил.
아마 어딘가에 순수한 마을이 있고, 그 곳에선 순진한 푸줏간 주인이 순수한 로스 햄을 썰고 있겠지.	Он на невинные котлетки невинных телочек рубил'...
	Конечно, если ты думаешь, что надираться виски с утра пораньше - занятие вполне невинное, то можешь продолжать сколько влезет!
대낮부터 위스키를 마시는 것이 순수한 거라고 생각한 다면 얼마든지 마시라구.'	Тишина затопила комнату.
	В долгой паузе раздавалось лишь мерное клацанье авторучки о деревянный стол.
볼펜으로 똑똑 책상을 두드리는 소리만이 오랫동안 방을 지배하고 있었다.	- Извини, - не выдержал я.
나는 '미안해. 그런 식으로 말할 생각은 없었어' 라고 사과했다.	- Я не хотел с тобой так разговаривать.
괜찮아. 그럴지도 모르지' 하고 그가 말했다.	- Да все в порядке, - сказал мой напарник.
에어컨디셔너의 자동 온도 조절 장치가 뚝 하는 소리를 냈다.	- Может, здесь ты как раз и прав...
무섭도록 조용 한 오후였다. 나는 그에게 이렇게 말했다.	Звонко щелкнув, отключился перегревшийся кондиционер.
자신을 가지라구.	Стоял тихий полдень.
우리 힘만으로 여기까지 해왔잖아?	Такой тихий, что делалось жутко.
누구에게 은혜를 베풀 지도 않고, 받지도 않으면서.	- Возьми себя в руки, - сказал я.
백이 있거나 직함이 있는 것만으로도 목에 힘주는 그런 족속과는 사정이 다르다구.'	- Ты посмотри, сколько всего мы уже добились - только своими силами!
우리는 옛날에 친구였지?'	Никому не должны - и нам никто не должен...
	И уж, по крайней мере, в нашем деле больше здравого смысла, чем у этого сброда карьеристов, чья задница всегда прикрыта, а жизнь - от должности до должности, и которые ничего не умеют, кроме как разваливаться в креслах с самодовольными мордами...
라고 그가 말했다. '지금도 친구야.	- Мы же были друзьями, так ведь?...
줄곧 힘을 합해 함께 해왔잖아' 라고 나는 대답했다.	- Мы и сейчас друзья, - сказал я.
이혼하길 바라진 않았어.' '알고 있어.	- Всю дорогу вместе прошли, друг за друга цепляясь.
하지만 이제 그만 양에 대한 이야기를 하지 않겠나?' 하고 화제를 바꿨다.	- Мне так не хотелось, чтобы вы разводились.
그는 고개를 끄덕이며 볼펜을 내려놓고 손가락으로 눈을 비볐다.	- Знаю...- ответил я.
그 남자가 온 건 오늘 아침 열한 시였어'라고 그는 말했다.	- Но, может, все-таки объяснишь мне насчет овец?
	Он кивнул, отправил ручку обратно в карандашницу, потер пальцами веки - и начал: - Человек этот появился сегодня в 11 утра...
	
2. 기묘한 남자에 관한 이야기	2. ПОЯВЛЕНИЕ ЧЕЛОВЕКА СО СТРАННОСТЯМИ
 그 남자가 온 것은 오전 열한 시였다.	Человек этот появился в 11 утра.
우리와 같은 작은 규모의 회사에서는 두 종류의 오전 열한 시가 있다.	В таких маленьких фирмах, как наша, время суток под названием 'одиннадцать утра' бывает двух разновидностей.
	
즉 겁나게 바쁘든지 겁나게 한가하든지 둘 중 의 하나다. 그 중간이 없다.	Либо это - капитальная запарка, либо - капитальное безделье; чего-то среднего не дано.
	Или мы бестолково суетимся и бегаем, в делах по самые уши, - или так же бестолково клюем носами и досматриваем утренние сны.
	Что же касается 'дел средней важности', если такая штука вообще бывает, то их всегда очень удобно выполнить 'как-нибудь после обеда'.
그러니까 오전 열한 시에는 우리는 아무 생각 없 이 그저 분주하게 일하고 있거나, 아니면 아무 생각 없이 멍하니 꿈속을 헤매고 있다.	Человек этот появился утром именно второй разновидности.
중간적인 일은(만약에 그런 일이 있다면) 오후를 위해 남겨 두면 되는 것 이다.	Утру, случившемуся в тот день, можно смело ставить памятник Классического Безделья.
	Всю первую половину сентября мы вкалывали как ненормальные; но лишь только заказ был выполнен, жизнь в конторе остановилась.
	Трое, включая меня, взяли неиспользованные летние отпуска с опозданием на месяц; всем же остальным работы только и оставалось, что с утра до вечера затачивать карандаши.
	Мой напарник выскочил снять денег в банке; другой сотрудник убивал время, слушая свежие пластинки в демонстрационном зале музыкального магазина напротив; и только девочка-секретарша, оставшись одна в опустевшей конторе, изредка отвечала на телефонные звонки да листала 'Прически осеннего стиля'.
그 남자가 찾아온 것은 후자 쪽의 오전 열한 시였다. 그것도 기념비적으로 한가한 오전 열한 시였다.	Дверь в контору он отворил без единого звука - и так же беззвучно затворил ее за собой.
9월 초에 미친 듯이 바쁜 나날이 계속되다가 그게 끝나자 일이 뚝 끊어졌다.	При этом его бесшумные движения вовсе не выглядели нарочитыми.
나를 포함한 세 사람이 한 달 늦은 여름 휴가를 잡 았는데도 남은 친구들에게는 연필을 깎는 정도의 일밖에 없었다.	Напротив, все в нем казалось обычным и очень естественным.
내 친구는 수표를 끊으러 은행에 가고, 한 사람은 근처에 있는 오디오 메이커 의 쇼 룸에서 새로 나온 레코드를 들으며 시간을 때우고, 혼자서 회사에 남은 여사원은 전화를 지키면서 여성지에 실린 '가을의 헤어스타일'이라는 기사를 읽 고 있었다.	Настолько обычным и настолько естественным, что девочка-секретарша не сразу осознала сам факт его появления в конторе.
남자는 소리도 없이 사무실 문을 열고 들어와 소리 내지 않고 문을 닫았다. 그러나 남자는 의식적으로 조용히 행동한 것은 아니었다.	Когда она поняла это, он уже стоял прямо перед ее столом и взирал на нее сверху вниз.
모든 거이 습관적이 고 자연스러웠다. 너무나 습관적이고 자연스러워, 여사원은 남자가 들어온 것조 차 제대로 실감할 수 없을 정도였다.	- Если это возможно, мне хотелось бы поговорить с кем-нибудь из начальства, - произнес человек.
그녀가 알아차렸을 때는 이미 남자가 책 상 앞에 서서 그녀를 내려다보고 있었다.	Сказано это было тоном, с каким смахивают перчаткой невидимую пыль со стола.
책임자를 만나고 싶소' 라고 남자는 말했다. 장갑으로 책상 위의 먼지를 털어 내는 듯한 말투였다.	Девочка никак не могла сообразить, что, вообще говоря, происходит.
그녀는 도대체 무슨 일이 일어난 건지 통 알 수가 없었다. 그녀는 고개를 들 어 남자를 보았다.	Подняв голову, она уставилась на незнакомца.
남자는 업무상 찾아온 거래처 사람치고는 눈매가 너무 날카 로웠고, 세무서 직원치고는 차림새가 좋았으며, 경찰관치고는 너무 지적으로 보 였다.	У того был слишком проницательный взгляд, чтобы оказаться заурядным клиентом.
그녀에게는 그 이외의 직업은 떠오르질 않았다.	Для налогового эксперта он был слишком хорошо сложен, для полицейского - выглядел слишком интеллигентно.
남자는 세련된 불길한 뉴스처럼 그녀 앞에 갑자기 나타나서는 딱 버티고 서 있었다.	Никаких других профессий ей вспомнить не удавалось.
	Точно известие о какой-то неотвратимой беде, человек этот возник неизвестно откуда и стоял теперь прямо перед ее глазами.
그녀는 잡지를 황급히 덮으며 '지금 자리에 안 계신데요' 라고 말했다. '앞으로 30분 정도면 돌아오실 텐데요.'	- Их сейчас нет! - пролепетала секретарша, поспешно захлопнув журнал.
기다리겠소' 하고 순간의 주저함도 없이 남자는 말했다.	- Обещали быть через полчаса...
그 사실은 처음부터 알고 있었다 는 듯한 느낌이었다.	- Я подожду, - мгновенно ответил он.
그녀의 상대방의 이름을 물어 볼까 망설이다가 체념하고 남자를 응접실로 안 내했다.	Будто знал заранее, что ему скажут.
	Лихорадочно пытаясь решить, не спросить ей хотя бы имя посетителя, секретарша вконец запуталась, отказалась от этой мысли и провела гостя в приемную.
남자는 하늘색 소파에 다리를 꼬고 앉아 정면 벽에 걸린 전기 시계에 시선을 고정한 채 움직이지 않았다. 불필요한 동작은 전혀 없었다.	Человек опустился на небесно-голубой диван, положил ногу на ногу - и застыл как каменный, упершись взором в электронные часы на стене напротив.
잠시 후 보 리차를 가지고 갔을 때에도 그는 그 자세로 그대고 꼼짝도 않고 앉아 있었다.	Через некоторое время она принесла ему ячменного чая, а он все сидел, не сдвинувшись ни на миллиметр.
자네가 지금 앉아 있는 바로 그 자리야.	- Прямо там, где сейчас сидишь ты, - сказал мой напарник.
거기에 앉은 채, 꼬박 30분을 똑같 은 자세로 시계를 바라보고 있었던 거야' 라고 내 친구는 말했다.	- Вот так же сидел себе, не меняя позы, и тридцать минут подряд сверлил глазами часы!...
	Я поизучал глазами изгибы дивана, на котором сидел, поднял взгляд к часам на стене и снова уставился на своего напарника.
나는 내가 앉아 있는 소파의 움푹 패인 부분을 바라본 다음 벽에 걸린 전기 시계를 올려다보았다.	Несмотря на жару, крайне редкую для конца сентября, гость наш был одет, что называется, 'по всей форме'.
	Из рукавов костюма - благородно-серых тонов, явно шитого в дорогом ателье - белоснежные манжеты выглядывали ровно на полтора сантиметра; безупречно подобранный галстук в изысканно-невнятную полоску был повязан с едва заметной асимметричностью; туфли из черного кордована блестели, как зеркала.
그러고 나서 다시 한 번 내 친구를 보았다. 9월 말치고는 이상할 만큼 무더웠는데도 불구하고 남자는 정말 단정한 옷차림 을 하고 있었다.	В свои тридцать пять - сорок лет при росте около ста семидесяти сантиметров этот человек не имел ни грамма лишнего веса.
	Узкие кисти рук без малейших морщин плавными линиями перетекали в длинные, много лет упражнявшиеся в гибкости пальцы и своим видом напоминали древнейшую форму биорастительности - два семейства извивающихся существ с общими грибницами-корневищами, в недрах которых и по сей день таились дремучие инстинкты самой первой жизни на Земле.
고급 맞춤인 듯한 회색 양복 소매 밖으로 횐 셔츠가 정확히 1.5센티미터 엿보였고, 미묘한 색조의 줄무늬 넥타이는 아주 약간 좌우 비대칭이 되도록 세심하게 손질되어 있었으며, 검은 코도반(역주:말 궁둥이 가죽) 구두는 반들반들 윤이 났다.	Ногти, отшлифованные временем и кропотливой заботой, слагали на кончиках пальцев орнамент из безупречных по форме овалов.
나이는 30대 중반에서 마흔쯤 되어 보였고, 키는 175센티미터 남짓한 데다가 군살은 1그램도 붙어 있지 않았다.	То были несомненно красивые и чем-то неуловимо странные руки.
가는 손에는 주름 하나 없고, 날씬하게 쭉 뻗은 열 손가락은 오랜 세월에 걸쳐 훈련되어, 통제되고 있기는 하지만 마음 밑 바닥에는 원초적인 기억을 항상 품고 있는 군생 동물을 연상시켰다.	Вид этих рук заставлял подозревать, что владелец их ╜ специалист какого-то очень узкого профиля, вот только какого именно - для всех оставалось загадкой.
손톱은 시간과 수고를 들여 완벽하리만큼 다듬어져 있었고 손가락 끝에는 열 개의 멋진 타원이 그려져 있었다.	В отличие от рук, лицо этого человека ничего особенного не рассказывало.
실로 아름답기는 하지만, 어딘지 기묘한 느낌 을 주는 손이었다.	Очень правильное лицо - простое и без выражения.
그 손을 극히 한정한 분야에서의 고도의 전문성을 느끼게 했는데, 그것이 어떠한 분야인지는 아무도 알 수 없었다.	Прямые, будто стесанные топором, линии надбровий и носа; ровная полоса сухих губ.
남자의 얼굴은 그 손만큼 많은 것을 말해 주고 있지는 않았다. 단정한 얼굴 이기는 했지만 무표정하고 단조로웠다.	Чуть темноватый, глубокий тон его кожи был совсем не похож на тот обычный загар, какой легко получают на пляжах и теннисных кортах.
	Разве только совсем чужое, неведомое солнце, припекая с небес над неизвестной землей, могло придать человеческой коже такой необычный оттенок.
콧날도 눈도 나중에 커터 나이프로 손 질한 것처럼 직선적이고, 입술은 얇고 메말라 있었다.	Время ползло угрожающе медленно.
	Все эти тридцать минут были жестко-холодными и напряженными, точно болты в крепежной конструкции, что только и удерживает готовый вот-вот сорваться в небо гигантский цеппелин.
남자는 전체적으로 거무스름하게 볕에 그을러 있었으나, 그것이 어딘가의 바 닷가나 테니스 코트에서 장난 삼아 태운 것이 아님은 한눈에 알아볼 수 있었다.	И когда мой напарник, наконец, возвратился из банка, ему показалось, что воздух в конторе был страшно угрюм и тяжел.
우리가 모르는 종류의 태양이 우리가 모르는 장소의 상공에서 내리쬐 그런 종류 의 볕에 그을린 얼굴을 만들어 내는 것이다.	Как если бы всю мебель вокруг поприбивали гвоздями к полу.
시간은 놀라울 만큼 천천히 흘렀는데 하늘을 향해서 치솟은 거대한 기계 장치 의 하나의 볼트를 연상시키는 차갑고 냉랭하고 경직된 분위기에 휩싸인 30분이 었다.	- Я, разумеется, только хочу сказать, что мне так показалось...
내 친구는 은행에서 돌아왔을 때, 방안의 공기가 몹시 무겁다는 걸 느낄 수 있었다.	- Ну, разумеется! - ответил я.
극단적으로 말하자면, 방안에 있는 모든 것이 못으로 바닥에 고정된 듯 한 바로 그런 느낌이었다.	Одинокая секретарша на телефоне, сраженная столбняком, забилась в свой угол и подавала крайне мало признаков жизни.
	Сбитый с толку, мой напарник забрел в приемную, увидел там посетителя, автоматически представился, назвав свое имя и должность, и только тогда, наконец, гость нарушил позу истукана, извлек из нагрудного кармана тонкие сигареты, закурил и с озабоченно-хмурым видом выпустил в пространство перед собой узкую струю дыма.
물론, 그런 느낌이 들었다는 것뿐이야' 라고 친구는 말했다.	Воздух в комнате дрогнул и будто слегка разрядился.
물론이겠지' 하고 나도 말했다.	- Времени в обрез.
혼자서 전화를 지키고 있던 사원은 긴장한 탓에 완전히 지쳐 있었다.	Так что перейдем сразу к делу, - негромко произнес посетитель.
친구가 영문도 모른 채 응접실로 들어가 자기가 경영자라고 밝히자, 남자는 비로소 자 세를 허물어뜨리고 양복 윗주머니에서 가느다란 담배를 꺼내 불을 붙인 다음, 귀찮다는 듯이 연기를 공중에 내뿜었다.	Сказав так, он вытащил из бумажника вычурную, чуть не режущую пальцы краями визитную карточку и с легким щелчком припечатал ее к столу.
	С карточки из особой, похожей на пластик бумаги неестественно-белого цвета глядели на мир черные, отпечатанные мелким шрифтом иероглифы имени и фамилии.
주위의 공기가 아주 조금 느슨해졌다. '시간이 그다지 많지 않으니까 간단히 하지요' 라고 남자는 조용히 말했다.	Ни званий, ни должности, ни телефона - только эти четыре иероглифа.
그리고 단호한 태도로 손이 베일 정도로 빳빳한 명함을 지갑에서 꺼내 책상 위에 놓았다.	При одном взгляде на эту карточку начинали болеть глаза.
플라스틱 비슷한 특수한 종이로 만든 명함이라서 부자연스러울 만큼 새하ㅇ고, 거기에는 작은 검은 활자로 이름이 인 쇄되어 있었다.	Мой напарник перевернул визитку обратной стороной вверх, убедился в девственной белизне ее оборота, глянул еще раз на лицевую сторону - и поднял глаза на странного гостя.
직함도 없고 주소도 전화 번호도 없었다. 다만 넉 자로 된 이름뿐이었다.	- Вам знакомо это имя, не правда ли? - спросил тот.
쳐 다보기만 해도 눈이 아파 오는 명함이었다.	- Да, знакомо.
친구는 뒤집어서 뒤가 완전한 백지 임을 확인하고 난 후에 다시 한 번 앞을 본 다음 남자의 얼굴을 보았다.	Странный гость коротко кивнул, сместив подбородок вниз на несколько миллиметров.
그분의 존함은 아시겠지요?' 라고 남자는 말했다.	Взгляд его при этом не дрогнул ни на мгновение.
알고 있습니다.'	- Сожгите ее.
남자는 턱 끝을 아주 약간만 움직여서 끄덕였다. 시선만이 고정되어 있었다. '태워 주세요.' '태워요?'	- Сжечь?... - мой напарник, разинув рот, уставился на собеседника. - Вот эту карточку.
친구는 멍하니 상대의 눈을 쳐다보았다.	Прямо сейчас.
그 명함을 지금 당장 태워 버리세요' 라고 남자는 자르듯이 단호하게 말했다. 내 친구는 황급히 탁상용 라이터를 손에 들고 새하얀 명함 모서리에 불을 붙 였다.	Сожгите, пожалуйста, и выбросьте пепел, - слово за словом, будто строгая ножом, произнес посетитель.
	В абсолютной растерянности мой напарник взял со стола зажигалку, высек огонь и поднес язычок пламени к самому краю карточки.
	Взявшись пальцами за другой край, он подождал, пока та догорела до половины, затем опустил ее, пылающую, в большую хрустальную пепельницу посередине стола, и оба стали молча следить глазами за тем, как бумага медленно исчезала, превращаясь в белесый пепел.
그리고 가장자리를 손으로 잡은 채 절반쯤 태운 다음 커다란 크리스털 재떨이에 내려놓고, 두 사람은 다 타서 흰 재가 될 때까지 그걸 바라보았다.	Когда карточка сгорела дотла, в комнате воцарилась глухая, свинцовая тишина, точно на поле боя после смертельной резни.
명 함이 완전히 재가 되어 버리자, 방은 대량 학살 직후를 연상시키는 무거운 침묵 에 휩싸였다. '나는 그분으로부터 모든 권한을 위임받고 여기에 왔습니다.'	- Я нахожусь здесь как полномочный представитель всех интересов этого господина, - нарушил паузу посетитель.
라고 얼마 후에 남자는 입을 열었다. '다시 말해서 이제부터 내가 당신에게 말씀드리는 모든 건 그분의 의사고, 희 망이라고 이해해 주셨으면 합니다.'	- Иначе говоря, я хотел бы от вас понимания того обстоятельства, что все, о чем я сообщу, передается вам в соответствии с его личными волей и желаниями.
	- Желаниями... - повторил мой напарник. - 'Желание' - наиболее красивое слово для обозначения принципиальной позиции субъекта по отношению к намеченной цели.
희망······' 하고 친구는 말했다. '물론 희망이라는 것은 어떤 한정된 목표에 대한 기본적 자세를 가장 아름다 운 말로 표현한 것입니다.	Разумеется, - добавил незнакомец, - могут быть и другие выражения.
또 다른 표현 방법도 있지요.	Вы меня понимаете?
알고 계시죠' 하고 남자는 말했다. 내 친구는 머리 속에서 남자의 말을 현실적인 일본어로 대치해 보았다.	Мой напарник попытался в уме перевести речь собеседника на человеческий язык.
압니다.'	- Понимаю...
그렇지만 이건 개별적인 이야기도 정치적인 이야기도 아니고, 어디까지나 비 즈니스에 관한 이야기입니다.'	- Как бы там ни было, мы не будем здесь рассуждать ни о понятиях с концепциями, ни о большой политике; разговор пойдет исключительно про бизнес.
남자는 '비즈니스'라는 말을 영어식으로 제대로 정확하게 발음했다. 아마도 일본계 미국인 2세 정도 되는 모양이었다.	Слово 'бизнес' этот человек произнес очень отчетливо, с явным американским акцентом: 'бейзнесс'. Как пить дать - предки-иностранцы где-нибудь во втором колене.
당신도 비즈니스맨이고, 나도 비즈니스맨입니다.	- Вы бизнесмен - и я бизнесмен.
현실적으로 말하더라도 우 리 사이에는 비즈니스 이외에 이야기할 만한 것이 아무것도 없습니다.	Если исходить из реальности, то ни о чем другом, кроме бизнеса, мы с вами и не должны говорить.
비현실 적인 일은 누군가 다른 사람들에게 맡깁시다.	А вопросами нереальной природы пусть займутся другие.
그렇지요?'	Не так ли?
그렇습니다.' 라고 친구는 말했다.	- Именно так, - ответил мой напарник.
그와 같은 비현실적인 요소를 세련된 형태로 바꿔 현실의 대지(大地)에 끼워 넣어 가는 일이 우리에게 주어진 임무입니다. 사람들은 종종 비현실적으로 치 닫으려고 합니다.	- Наши же обязанности сводятся к тому, чтобы придавать нереальным категориям утонченно-привлекательный вид и вставлять их в жесткие рамки реальности...
왜냐하면' 까지 말한 남자는 왼손 가운뎃손가락에 낀 초록색 돌로 된 반지를 오른손 손 가락으로 만졌다.	Люди зачастую сами бывают рады убежать в нереальное.
그 쪽이 간단해 보이기 때문입니다. 그리고 어떤 경우에는 때때로 비현실이 현실을 압도한 듯한 인상을 주기도 합니다.	А все потому, - и указательным пальцем правой руки гость погладил изумрудного цвета перстень на среднем пальце левой, - что им так кажется проще.
그러나 비현실의 세계에서는 비즈 니스가 존재하지 않습니다. 다시 말해서 우리는 어려움을 지향하는 사람들인 것입니다.	В силу этого иногда получается, что нереальное уже вроде как вытесняет, выдавливает собой реальность.
그러니까 만약에······. 남자는 말을 끊고 다시 한 번 반지를 만지작거렸다.	Однако, заметим: в нереальном мире нет места для бизнеса.
이제부터 제가 말씀드리는 일로 인해서 당신이 어떤 어려운 작업 또는 결단 을 요구받는다고 하더라도, 그것을 양해해 주시기 바란다는 뜻입니다.	Мы же, таким образом, представляем собой особую разновидность людей, чье появление влечет за собой проблемы и осложнения.
	Поэтому, - и, прервавшись, он снова погладил зеленый перстень, - если то, что я вам сейчас сообщу, вдруг потребует от вас принятия важных решений либо еще как-нибудь усложнит вашу жизнь, - то я просил бы заранее меня извинить.
내 친구는 제대로 이해도 못한 채 말없이 고개만 끄덕였다.	Плохо соображая, о чем идет речь, мой напарник молчал.
그러면 이쪽의 희망을 말씀드리겠습니다.	- Итак, перейдем к реальным желаниям.
우선 첫 번째로 귀사에서 제작하신 P생명의 PR지 발행을 즉각 중지해 주시기 바랍니다.: '하지만······.'	Первое: мы желаем, чтобы вы немедленно остановили выпуск журнала с изготовленной вами рекламой страхового агентства П.
두 번째로' 라면 남자는 친구의 말을 가로막았다.	- Но, позвольте...
이 페이지의 담당자와 직접 만나서 이야기하고 싶습니다.'	- Второе, - с силой оборвал незнакомец.
남자는 양복의 속주머니에서 흰 봉투를 꺼낸 다음 그 안에서 네 번 접은 종이 조각을 꺼내 친구에게 건네주었다.	- С работником, подготовившим эту страницу, мы желали бы непосредственно встретиться и поговорить.
	Посетитель извлек из нагрудного кармана пиджака белоснежный конверт, вынул оттуда сложенный вчетверо лист бумаги и протянул моему собеседнику.
친구는 종이를 손에 들고 펼쳐 보았다.	Тот взял его и, развернув, пробежал глазами.
그 것은 틀림없이 우리가 제작한 생명보험 회사의 그라비어(역주:사진 제판에 의한 요판 인쇄의 하나)페이지를 복사한 것이었다.	Это была копия страницы с рекламой страхового агентства, сделанной, несомненно, в нашей конторе.
홋가이도(北海道)의 평범한 풍경 사진-구름과 산과 양과 초원, 그리고 어딘가에서 모방한 그다지 신통치 않은 목 가적인 시, 그것뿐이다.	Фотография - стандартный пейзаж Хоккайдо: снег, горы, овцы в долине да позаимствованные неведомо откуда строчки пастушьей песенки; ничего более.
이 두 가지가 우리의 희망입니다.	- Таковы два наших желания.
첫 번째 희망에 관해서 말하면, 이건 희망 이라기보다는 이미 확정된 사실입니다.	Собственно, насчет первого стоит сказать, что это решенное дело.
정확히 말하자면 이미 우리의 희망에 따른 결정이 내려진 겁니다. 의심스러운 점이 있으면 나중에 홍보 과장에게 전 화를 걸어 보십시오.'	А если быть совсем точным, то в русле этого желания уже принято соответствующее решение.
그렇습니까' 라고 내 친구는 말했다. '그러나 귀사 정도의 규모라면 이와 같은 트러브에서 받는 불이익이 매우 클 거라는 건 쉽게 상상할 수 있습니다.	И если имеют место какие-то сомнения, никто не мешает вам позвонить в издательство начальнику отдела рекламы.
다행히 우리는-당신도 아시다시피-이 업 계에서는 적지 않은 힘을 행사하고 있습니다.	- Да, действительно, - сказал мой напарник.
	- Тем не менее, мы, со своей стороны, с легкостью можем представить серьезность того ущерба, который подобное затруднение может нанести фирме вашего масштаба.
그래서 우리의 두 번째 요구 조 건을 수락해 그 담당자가 우리에게 만족할 만한 정보를 주신다면, 우리는 당신 들이 받은 불이익에 대해 충분한 보상을 해드릴 용의가 있습니다.	Слава Богу, мы - и вы знаете это - располагаем известного рода влиянием в данных кругах.
	И поэтому в случае, если наше второе желание окажется выполнимо и ваш сотрудник предоставит удовлетворяющую нас информацию, мы будем готовы с лихвой компенсировать все расходы по компенсации вашего ущерба.
아마도 보상 이상의 것이 될 것입니다.'	С лихвой, уверяю вас.
침묵이 방안을 지배했다.	Глубокая тишина затопила комнату.
	- Если же мы не встретим у вас понимания в этом вопросе, - продолжал после паузы незнакомец, - вам прийдется сойти с дистанции.
만약 희망을 들어 주지 않으신다면' 하고 남자는 말을 이었다.	С этого дня и до скончания века в этом мире для вас не найдется свободного места.
당신들은 어차피 아웃 당할 겁니다.	Снова - давящая тишина.
앞으로도 계속 이 세계에 발을 들여놓지 못할 겁니다.'	- У вас есть какие-нибудь вопросы?
	- Если я вас правильно понимаю, проблема - в самой фотографии? - робко спросил мой напарник.
그리고 다시 침묵이 이어졌다. '질문 있습니까?'	- Совершенно правильно, - подтвердил гость.
	Его постоянно шевелящиеся пальцы словно перебирали и отсортировывала слова перед тем, как он произносил их.
다시 말해서 이 사진이 문제인 셈이군요?'	- Совершенно правильно.
라고 친구는 조심스럽게 질문했다. 남자는 '그렇습니다' 라고 대답했다.	Однако ничего сверх этого я вам объяснить не могу.
그리고 손바닥 위에서 주의 깊게 말을 추려 냈다.	Не располагаю для этого полномочиями.
그렇습니다. 그러나 그 이상은 당신에게 말씀드릴 수 없습니다. 그럴 권한 은 나에게 주어져 있지 않으니까요.' '담당자에게는 전화로 연락을 취하겠습니다.	- Сотруднику я позвоню домой... Думаю, он будет здесь в три, - сказал мой напарник.
세 시에는 여기에 와 있을 겁니 다' 라고 친구는 말했다.	- Прекрасно, - и гость скользнул глазами к часам на руке.
남자는 '좋습니다' 라고 대답한 다음 손목시계를 보았다. '그러면 네 시에 차를 보내지요.	- В таком случае, к четырем часам я присылаю машину.
그리고 이건 중요한 일인데 이 건에 관해서 는 일체 비밀을 지켜 주셔야 합니다.	И наконец - особо важный момент: все, о чем здесь говорилось, ни малейшему разглашению не подлежит.
아니겠지요?'	Договорились?
그러고 나서 두 사람은 사무적으로 헤어졌다.	И два бизнесмена расстались по-деловому.
	
3 '선생님'	3. СЭНСЭЙ
에 관한 이야기 '그렇게 된 거야' 라고 내 친구는 말했다.	- Вот такие дела, - сказал мой напарник.
도무지 알 수가 없군.' 나는 불을 붙이지 않은 담배를 입에 문 채로 말했다.	- Ни черта не понятно, - сказал я, сжимая в губах незажженную сигарету.
우선 명함 속의 인물이 도대체 누군지 알 수가 없어.	- Во-первых, непонятно, что за птица - настоящий хозяин карточки.
그리고 그 인물이 왜 양의 사진에 신경을 쓰는지도 알 수가 없고.	Во-вторых, непонятно, почему он так нервничает из-за фотографии каких-то овец.
	Ну и, наконец, мне совершенно неясно, каким образом этот тип может изъять из печати нашу рекламу...
마지막으로 그 인물이 우리의 발 행물을 어떻게 막을 수 있는지도 모르겠어.'	- Хозяин карточки - крупная акула правых.
	Во внешний мир особенно не высовывается, и поэтому простому народу его имя может ничего и не говорить; в деловых же кругах о нем знают практически все.
명함 속의 인물은 우익(右翼)의 거물이야.	Ты, видно, ╜ единственное исключение...
이름도 얼굴도 거의 표면에 드러 내지 않으니까 일반인에게는 그다지 알려져 있지 않지만, 이 업계에서는 모르는 사람이 없지.	- Далек я от светской жизни! - буркнул я, словно оправдываясь.
모르는 사람은 아마 자네 정도밖에 없을걸.'	- Вообще говоря, он не совсем из правых...
세상 돌아가는 일에 어두우니까' 라고 나는 변명했다.	Даже, скорее, - совсем не из правых.
우익이라고 하지만 흔히 말하는 우익이 아니야. 어쩌면 우익조차 아닐지도 모르지.'	- Ну, вот - вообще ничего не понятно...
점점 더 알 수 없군.' '사실을 말하면, 그가 무엇을 생각하고 있는지는 아무도 모른다구.	- Если честно, всегда было сложно разобраться, что там у него в голове.
책을 내 것도 아니고, 사람들 앞에서 연설을 하는 것도 아니지.	Работ он не пишет, речей перед аудиториями не говорит.
	Пять лет назад репортер из одного ежемесячника попробовал было копнуть под него по поводу взяток, оформлявшихся как партийные взносы, - да самого же репортера и закопали...
인터뷰도 사진 촬영도 일체 허용되지 않거든.	- А ты, я смотрю, неплохо осведомлен!
살아 있는지 죽었는지조차도 알 수 없을 정도야.	- Я хорошо знал того репортера.
5년 전에 어느 월간지의 기자가 그가 연루된 부정 융자 사건을 특종 기사로 다루려 고 했다가, 당장에 묵살 당했지.'	Я поднес зажигалку к сигарете в губах и затянулся.
꽤 자세히 알고 있군.'	
그 기자와 간접적으로 아는 사이였거든.'	- А этот репортер...
나는 입에 물고 있던 담배에 라이터로 불을 붙였다.	
그 기자는 지금 무엇을 하고 있는데?'	Чем он сейчас занимается?
영업부로 밀려나서 아침부터 저녁까지 열심히 전표 정리를 하고 있어.	- Перебросили в общий отдел.
매스 컴의 세계라는 게 의외로 좁아서 그런 친구는 꽤 좋은 본보기가 되지.	С утра до вечера, не разгибаясь, правит рекламные тексты...
	Мир 'масс-коми', как тебе известно, до удивления тесен, так что его фигура теперь - как бы наглядный урок, предостережение всем остальным.
아프리 카 원주민 부락 입구에 해골이 걸려 있는 것과 비슷하거든.'	Знаешь, как у африканских аборигенов - белые кости при входе в деревню...
그렇겠군' 하고 나는 대꾸했다.	- Да уж, - хмыкнул я.
	- Впрочем, кое-что из довоенной биографии этого типа мне все-таки известно.
그러나 전진 전의 그의 약력에 대해서는 어느 정도 알고 있어.	Родился в 1913-м на Хоккайдо.
1913년에 홋 카이도에서 태어나 국민 학교를 졸업하고 도쿄로 나와 이 직업 저 직업 전전하 다가 우익이 됐지.	Закончил школу - перебрался в Токио; скакал с работы на работу, пока не прибился к правым.
딱 한 번 형무소에 들어갔지, 아마.	Кажется, всего однажды - но все-таки угодил тогда за решетку.
	Отсидел - подался в Маньчжурию, где спелся с офицерами Квантунской армии и создал какую-то организацию диверсионного толка.
형무소에서 나와 만주 로 갔고 그 곳에서 관동군의 참모들과 친해져서 특수 공작 관계 조직을 만들었 지.	Чем занималась эта организация, я уже толком не знаю.
그 조직의 내용까지는 잘 몰라. 그는 그 무렵부터 갑자기 수수께끼 같은 인물이 되지 시작한거야.	Именно с тех пор он неожиданно становится человеком-загадкой.
마약을 취 급했었다는 소문이 있는데, 아마 그 말이 맞을 거야.	Поговаривали, что он наркоман; да, видимо, так и было...
	Погулял, порезвился по Китайской равнине - и ровно за две недели до прихода советских войск благополучно, на большом эскадренном миноносце эвакуировался на родную землю.
그리고 중국 대륙 여기저 기를 돌아다니다가 소련이 참전하기 2주일 전에 구축함을 타고 귀국했어.	Вместе с кучей трофейного золотишка, понятное дело...
혼자 들지도 못할 정도의 귀금속과 함께 말이야.' '뭐라고 할까.	- М-да, просто поразительно вовремя!
절묘한 타이밍이군.' '실제로 그 사람은 타이밍을 포착하는 데는 명수지.	- В том-то и дело: этот тип всегда умел очень талантливо рассчитывать время.
쳐들어갈 때와 물러날 때 를 알 고 있는 거야. 그리고 착안점이 좋아.	Когда лучше закидывать невод, когда - тащить...
점령군도 A급 전쟁 범죄자로 체 포는 했지만, 조사는 도중에서 중단되고 불기소 됐어.	И, кроме того, всегда как-то заранее чувствовал, в какую именно точку следует бить.
	Когда верхушку оккупационной армии арестовали за военные преступления категории 'А', расследование по его делу прервали на полдороге, а само дело просто-напросто закрыли.
이유는 병 때문인데, 그 대목은 모호하기 짝이 없지. 아마 미군과 거래가 있었을 거야.	Причины - сперва 'по болезни', а потом все вообще окутано мраком и схоронено на века.
맥아더는 중국 대륙을 노리고 있었으니까.'	Скорее всего, имела место какая-то сделка с вояками США.
친구는 다시 볼펜을 집어 손가락 사이에서 빙글빙글 돌렸다.	Макартур ведь тоже очень облизывался на китайские просторы...
	Мой напарник снова вынул из карандашницы шариковую ручку и, зажав между средним и указательным пальцами, принялся вертеть ее туда-сюда.
	- Так вот, выбрался он из казематов Сугамо, вытащил на свет божий свои сокровища, которые прятал неизвестно где - и разделил их на две половины.
	На первую половину купил с потрохами одну из фракций в партии консерваторов; на вторую же - весь мир рекламы.
그리고 그는 스가모( ) 형무소에서 나오자, 어딘가에 숨겨둔 재물을 반으 로 나눠 절반으로는 보수당의 파벌을 통째로 매입하고 나머지 절반으로는 광고 업계를 매입했지.	Это еще в те времена, когда всей-то рекламы было ╜ афишки замызганные, да листовки на заборах...
아직은 광고업이라는 것이 광고지 정도로만 알려져 있던 시 대에 말이야.'	- М-да, дальновидный тип, ничего не скажешь...
선견지명이라 할 수 있군. 그런데 은닉 재산에 대한 배상 청구는 나오지 않 았나?'	А что, насчет его теневых капиталов так ни разу нигде ничего не всплыло?
무슨 소리야.	- Перестань.
보수당의 파벌을 하나 통째로 매입했다니까.'	Владелец целой фракции консерваторов!
아 참, 그렇겠군' 하고 나는 말했다.	- Да, действительно... - пробормотал я.
	- В общем, с помощью денег он зажал в одном кулаке и политиков, и рекламу; и этот его механизм прекрасно функционирует по сей день.
어쨌든 그는 그 돈으로 정당과 광고를 장악했고, 그 구조는 지금까지도 이어 지고 있지.	А на поверхность он не вылазит потому, что не видит в том ни малейшей нужды.
그가 표면에 나서지 않는 이유는 나설 필요가 없기 때문이야. 광고 계와 집권 정당의 중추를 장악하고 있으면, 그야말로 불가능한 일이 없거든.	Поскольку если в твоих руках и политика, и реклама, для тебя, строго говоря, нет ничего невозможного, так ведь?
광 고를 장악한다는 게 어떤 것인지 자네는 알겠나?' '아니.'	А ты вообще представляешь себе, что значит владеть всей рекламой? - Не очень...
	- Владеть всей рекламой - это значит держать за горло практически всю печать, телевидение и радио!
광고를 장악한다는 건 출판과 방송의 대부분을 장악한 게 되는 거야.	Ни одно издательство, ни единый канал в эфире просто не могут существовать без рекламы.
광고가 없는 곳에서는 출판과 방송이 존재할 수 없지.	Все равно что аквариум без воды.
	До девяноста пяти процентов всей информации, которую воспринимают твои глаза и уши каждый день, заранее отобраны по чьей-то воле и оплачены из чьего-то кармана!...
물이 없는 수족관과 같다고나 할까.	- Все равно пока непонятно, - упорствовал я.
자네가 보게 되는 정보의 95퍼센트까지가 이미 돈으로 매수되어서 선별 된 것이라구.' '아직 잘 모르겠어' 라고 나는 말했다.	- То, что этот тип прибрал к рукам всю массовую информацию - это я понял.
그 인물이 정보 산업을 장악하고 있다는 데까진 이해하겠는데 어떻게 그가 생명 보험 회사의 PR지에까지 권력을 행사할 수 있는 거지?	Но какую силу он имеет над рекламными издательствами страховых агентств?
그건 대형 대리점 을 통하지 않고 직접 맺은 계약이잖아.' 내 친구는 헛기침을 하고 나서 완전히 식어 버린 보리차를 마셨다.	Здесь же прямые контракты без участия крупных рекламопроизводителей, так или нет?
주식이야. 놈의 자금원은 주식이거든.	Мой напарник откашлялся и залпом допил остывший чай.
주식 조작, 매점매석, 탈취, 뭐 그런 거지.	- Акции.
그를 위한 정보를 그의 정보 기관이 수집하고, 그것을 그가 취사 선택하 는 거야.	Основной источник постоянного роста его капитала - это чьи-нибудь акции.
그중 매스컴에 흘러 나오는 것은 극히 일부고, 나머지는 선생께서 자 신을 위해서 쥐고 있는 거지.	Движение акций, перепродажа, скупка контрольных пакетов и тому подобное.
	Всю необходимую для этого информацию собирает его 'Особый отдел'; он же только выбирает, что ему нужно, что - нет.
	Естественно, из всего мощного потока данных лишь ничтожно малая часть отходит 'масс-коми' и публикуется 'для народа'.
	Все остальное Сэнсэй прибирает к своим рукам и, тщательно пересмотрев, скупает самые выгодные варианты.
물론 직접적으로는 아니지만 협박 비슷한 짓도 하지.	Не напрямую, разумеется, - шантажом всех мастей и оттенков.
협박이 통하지 않을 경우에 그 정보는 매치 펌프(역주:한편으로는 사건을 밝혀 내고 다른 한편으로는 수습을 제안하여 금품을 받는 방식)용으로 정치가에 게 흘리는 거야.'	Ну, а если шантаж не действует, то информация, как и положено в сообщающихся сосудах, перетекает в большую политику...
어느 회사든 약점 한두 가지쯤은 있다 이거군.'	- Что-то по принципу 'у всякой фирмы есть хоть одна маленькая слабость'?
어떤 회사든 주주 총회에서 폭탄 선언 같은 걸 듣는 건 원치 않거든.	- Еще проще: ни у какой фирмы нет желания услышать заявление-бомбу на собрании учредителей...
그러니 대개는 하라는 대로 하게 돼 있지.	В общем, я тебе все сказал.
다시 말해서 선생께서는 정치가와 정보 산 업과 주식이라는 삼위 일체 위에 군림하고 있는 셈이지.	Дух Сэнсэя царит над нами сразу в трех измерениях этого мира: в политике, в рекламе и в акциях.
이젠 이해하겠지만, PR지 하나쯤 뭉개 버린다든지 우리를 실업자로 만드는 일쯤은 그에겐 삶은 달 걀껍질 까기보다도 간단한 일이라구.'	Это ты, я надеюсь, себе уяснил.
	А раз так, то нетрудно представить, что раздавить рекламный журнальчик вроде нашего и выкинуть нас на улицу - для него еще проще, чем тебе почистить яйцо на завтрак!...
흐흠' 하고 나는 신음 소리를 냈다.	- Уф-ф-ф! - перевел я дыхание.
하지만 그만한 거물이 어째서 홋카이도의 풍경 사진 한 장에 신경을 곤두세 우는 거냐구.'	- Но все равно: за каким дьяволом такому большому дяде напрягаться из-за фотографий хоккайдосской природы?!
참 좋은 질문이야' 라고 했지만, 어투는 그다지 감동하지 않은 듯 무감각했다.	- А вот это - и в самом деле хороший вопрос! - парировал мой напарник.
바로 내가 자네에게 하려던 것과 똑같은 질문이야.'	- Я как раз собирался задать его тебе.
우리는 입을 다물었다.	Мы помолчали.
그런데 어떻게 양에 관한 이야기라는 걸 알았지?	- Как ты догадался, что разговор - про овец? ╬ спросил он.
어떻게 된거야?	- Откуда?
	Что, вообще, происходит такого, о чем я не знаю? - 'То карлик неведомый вертит Кармы веретено, наших судеб нити переплетая'...
내가 모르 는 데서 도대체 무슨 일이 일어나고 있는 거야?'	- Ты не мог бы выражаться яснее?
라고 친구가 내게 물었다.	- Шестое чувство.
구석에서 이름도 없는 난장이가 물레를 돌리고 있는 거지.'	- Ну-ну!... - вздохнул мой напарник.
좀더 알아듣기 쉽게 말해 줄 수 없겠나?' '내 육감이야.'	- В любом случае, вот тебе еще парочка свежих новостей.
	Я позвонил тому бывшему репортеру из ежемесячника, и он мне кое-что сообщил.
친구는 '맙소사' 라며 한숨을 내쉬었다. '그건 그렇고 최신 정보가 두 가지 있어.	Первое - это то, что Сэнсэя свалил инсульт, и на ноги он больше не встанет.
아까 말했던 월간지의 기자에게 전 화로 물어 봤는데, 하나는 선생이 뇌졸증인지 뭔지로 쓰러져서 재기 불능이 되 었다는 이야기야.	Хотя на официальном уровне это пока не подтверждено...
하지만 그건 정식으로 확인 안 된 이야기지.	И второе - насчет типа, который сюда заявился.
또 하나는 여기 에 왔던 남자에 관한 얘긴데, 그는 선생의 제1비서로, 조직의 현실적인 운영을 맡고 있는 말하자면 이인자인 셈이지.	Это первый секретарь Сэнсэя, в Организации - Человек Номер Два, который ведает всеми вопросами управления.
그는 일본계 미국인 2세인데 스탠포드를 나와, 12년 전부터 선생 밑에서 일하고 있지.	Сын иностранца, выпускник Стэнфорда, под Сэнсэем работает вот уже двадцать лет.
정체 불명의 사나이지만, 머리가 무섭게 잘 돌아가는 모양이야.	Темная лошадка, но с мертвой хваткой и мгновенной реакцией.
알아낸 건 그 정도야.' '고마워'라고 나는 인사말을 했다.	Это все, что мне удалось разузнать.
그는 내 얼굴도 보지 않고 '천만에' 라고 말했다.	- Спасибо, - вежливо сказал я.
그는 과음만 하지 않으면 어디로 보더라도 나보다 훨씬 정상이었다.	- Не за что! - ответил мой напарник, стараясь не глядеть на меня.
	До тех пор, пока он не напивался, - что говорить! - он был гораздо достойнее меня.
나보다 도 훨씬 친절하고 순수하고 사고 방식 또한 건전했다.	Во всех отношениях - добрее, наивнее, рассудительнее.
그러나 그는 얼마 안 가 취하게 된다. 그런 생각을 하는 게 괴로웠다.	Но рано или поздно он все-таки непременно сопьется.
나보다 성실하고 정상적인 사람 이 나보다 먼저 망가져 가는 것이다.	И от этого на душе у меня делалось тяжело.
	От самой мысли - о том, что многие люди явно достойней меня приходят в негодность гораздо быстрее.
그가 방을 나간 다음에, 나는 서랍에서 그의 위스키를 찾아내 혼자서 마셨다.	Когда мой напарник вышел из комнаты, я отыскал в шкафу его виски, сел и принялся пить в одиночку.