4. 양을 세다	4.СЧИТАЯ ОВЕЦ
 우리는 우연의 대지를 정처 없이 방황할 수도 있다.	Бывает так, что ни с того ни с сего, без какой-то конкретной цели Судьба забрасывает нас в совершенно чужие края.
	
마치 어떤 식물의 날개 달린 종자가 변덕스런 봄바람에 날려오듯이.	Случайно', - говорим мы тогда.
	Точно так же, мол, капризами весеннего ветра заносит за тридевять земель крылатое семя какого-нибудь растения.
그러나 그와 동시에 우연성 같은 것은 애당초 존재하지 않는다고도 할 수 있 다.	В то же время можно с равной уверенностью утверждать, что никакой 'случайности' не бывает.
	Мы всегда вправе сказать: то, что с нами уже произошло, случилось как незыблемый факт; а то, что до сих пор не произошло, пока не случилось, и с этим тоже трудно поспорить.
	Одним словом, мгновение, в котором мы единственно существуем, постоянно отсекает и отбрасывает назад все, оставляя нам вечный ноль перед носом; и тут уже ни 'случайностям', ни каким-то еще 'вероятностям' просто места не остается.
이미 일어나 버린 일은 아직 명확하게 일어나 버린 일이며, 아직 일어나지 않은 일은 아직 명확하게 일어나지 않은 일이다.	На самом деле, между двумя этими точками зрения нет никакой особенной разницы.
다시 말해서 우리는 배후의 '모든 것'과 눈앞의 '제로'사이에 끼인 순간적인 존재고, 거기에는 우연도 없고 가 능성도 없다는 뜻이다.	Просто здесь (как и при любой конфронтации взглядов) мы имеем два разных названия для одного и того же блюда.
그러나 실제로 그 두 가지 견해 사이에는 별다른 차이가 없다.	Но это все - аллегории.
	С одной стороны (точка зрения А), то, что я решил использовать в рекламе фотографию с пейзажем Хоккайдо - чистейшей воды случайность.
그것은(대개의 대립되는 견해가 그렇듯이) 두 가지의 서로 다른 이름으로 불리우는 똑같은 요 리 같은 것이다.	С другой стороны (точка зрения Б) - никакой случайности нет.
이것은 비유다.	
내가 PR지의 그라비어에 양의 사진을 실은 것은 한 쪽의 관점 (a)에서 보면 우연이고, 다른 쪽 관점 (b)에서 보면 우연이 아니다. (a) 나는 PR지의 그라비어 페이지에 어울리는 사진을 찾고 있었다.	А) Я искал подходящее фото для макета рекламной страницы.
내 책상 서랍에는 우연히 양의 사진이 들어 있었다. 그리고 나는 그 사진을 썼다. 평화 로운 세계의 평화로운 우연. (b) 양의 사진은 책상 서랍 속에서 줄곧 나를 기다리고 있었다.	В ящике стола завалялся снимок хоккайдосской долины с овцами, который я и задействовал. Мирная случайность из мирной, обычной жизни.
그 잡지의 그 라비어에 쓰지 않았다 하더라도, 언젠가 나는 그것을 다른 무엇인가에 썼을 것 이다.	Б) Фотография уже давно дожидалась меня.
생각해 보면, 이 공식은 내가 이제까지 걸어온 인생의 모든 단면에 적용할 수 있을지도 모른다.	Не в том, так в другом макете, выходящем из моих рук, я все равно бы ее использовал.
좀더 훈련하면, 나는 오른손으로 (a)적인 인생을 조종하고, 왼 손으로는 (b)적인 인생을 조종할 수 있게 될지도 모른다.	Подумав, я прихожу к мысли: вероятно, подобная формула применима и для анализа всей моей прожитой жизни в разрезе.
	Возможно даже, если я потренируюсь еще немного, то научусь-таки поддерживать этот баланс: левой рукой - свою жизнь в измерении 'А', правой - свою жизнь в измерении 'Б'...
그러나 이것은 아무래도 좋다.	Впрочем, не все ли равно?
도넛의 구멍과 마찬가지다.	Здесь ведь как с дыркой от бублика.
도넛의 구멍을 공 백으로 받아들이느냐 아니면 존재로 받아들이느냐는 어디까지나 형이상학적인 문제고, 그 때문에 도넛의 맛이 조금이라도 달라지는 것은 아니다.	Скажем ли мы: 'внутри нет ничего', или будем утверждать: 'есть дырка', - все это сплошные абстракции, и вкус бублика от них не изменится.
내 친구가 볼일을 보러 나가 버리자 갑자기 방안이 휑했다. 전기 시계의 바 늘만 소리도 없이 계속 돌아가고 있었다.	Мой напарник ушел по своим делам - и комната неожиданно опустела.
차를 보내기로 한 네 시까지는 아직 시간이 있었고, 해야 할 일은 아무것도 없었다. 옆 작업실도 잠잠했다.	Только стрелка электронных часов описывала бесшумно круг за кругом.
나는 하늘색 소파 위에서 위스키를 마시며, 폭신폭신한 민들레 종자처럼 기분 좋은 에어컨디셔너 바람을 쐬면서 전기 시계의 바늘을 바라보았다.	До четырех, когда за мной должна была приехать машина, оставалось еще порядочно времени, но никакой неотложной работы не было.
전기 시계 를 바라보고 있는 한, 적어도 세상은 계속 움직이고 있었다.	Из конторы за дверью также не доносилось ни звука.
	Потягивая виски на небесно-голубом диване, я медитировал в воздушном потоке кондиционера, как пух одуванчика на ласковом ветерке, и неотрывно следил глазами за стрелкой электронных часов.
그리 대단한 세상 은 아니다로 어쨌든 계속 움직이고는 있는 것이다.	Я видел бегущую стрелку - значит, мир еще продолжал вертеться.
그리고 세상이 계속 움직이 고 있다는 걸 인식하는 한, 나는 존재하고 있었다. 그리 대단한 존재는 아니라 하더라도 나는 존재하고 있었다.	Не такой уж и замечательный мир, но вертеться он все-таки продолжал.
사람이 전기 시 계의 바늘을 통해서만 스스로의 존재를 확인할 수 있다는 게 왠지 기묘한 일 같 았다. 세상에는 또 다른 확인 방법이 반드시 있을 것이다.	А поскольку я осознавал, что мир продолжает вертеться, я по-прежнему жил на свете.
그러나 아무리 생각 해 봐도 적당한 게 떠오르지 않았다.	Не такой уж и замечательной жизнью, но все-таки жил.
나는 단념하고 위스키를 한 모금 더 마셨다. 뜨거운 감촉이 목구멍을 지나 식도의 벽을 따라 제대로 위의 밑바닥으로 내려갔다.	Как странно выходит, подумал я: неужели лишь по стрелкам часов люди могут удостоверяться в том, что они существуют?
	На свете наверняка должны быть и другие способы подобной 'самопроверки'. Однако, как ни пытался я придумать что-то еще, ничего больше в голову не приходило.
창 밖에는 새파란 여름 하늘과 흰 구름이 펼쳐져 있었다. 맑게 갠 하늘이었지만, 왠지 오래 써서 낡은 중고품처럼 보였다.	Я отказался от дальнейших попыток и хлебнул еще виски.
	Горячая волна обожгла горло, прокатилась по стенкам пищевода, добралась, искусно лавируя, до желудка и уже там, наконец, улеглась на самое дно и затихла.
경매에 붙여지기 전에 약용 알코올로 보기 좋게 광낸 중고품 같은 하늘이었 다.	За окном висело густо-синее летнее небо с белыми облаками.
나는 그런 하늘을 위해, 옛날에는 신품이었던 여름 하늘을 위해, 또 한 모 금의 위스키를 마셨다. 나쁘지 않은 스카치 위스키였다.	Красивое небо, но с тем странным, едва уловимым налетом изношенности, какой бывает у подержанной вещи.
	Старое небо, которое лишь снаружи - для товарного вида - протерли медицинским спиртом перед тем, как пускать с молотка.
그리고 그런 하늘도 눈에 익고 나니 그다지 나쁘지 않았다. 점보 제트기가 왼쪽에서 오른쪽으로 천 천히 가로질러 날아가고 있었다.	Вот за это самое небо, которое было новехоньким когда-то давным-давно - я и выпил еще глоток виски.
그것은 반짝반짝 빛나는 딱딱한 껍질로 덮인 벌레처럼 보였다.	Скотч был совсем недурен.
나는 두 잔째의 위스키를 마저 마셨을때, '도대체 왜 내가 여기에 있지?'	Да и небо, когда глаза привыкли к нему, больше не казалось плохим.
라는 의문에 휩싸였다. 대체 나는 무슨 생각을 하고 있었을까?	Слева направо по небесному своду лениво полз реактивный самолет.
양이다. 나는 소파에서 일어나 친구의 책상 위에 있던 그라비어 페이지를 복사한 것을 들고 소파로 돌아왔다.	Его жесткая, поблескивавшая на солнце скорлупа напоминала кокон с личинкой какого-то насекомого.
그리고 위스키 맛이 배어 있는 얼음을 빨아먹으면서 사 진을 20초 가량 뚫어지게 바라보며, 그 사진이 의미하는 것이 무엇인가를 끈기 있게 생각해 보았다.	После второго виски в моей голове червяком зашевелился вопрос: а что это я, собственно, здесь сижу?
사진에는 양 떼와 초원이 찍혀 있었다.	О чем это я, черт побери, все время пытаюсь думать?
홋카이도 특유의 거대한 자작나무다.	Да об овцах же.
	Я привстал с дивана, стянул со стола бумагу с оттиском рекламной страницы - и плюхнулся на место.
	Затем, посасывая кусок льда, сохранившего вкус виски, я добрых двадцать секунд безотрывно разглядывал фотографию и терпеливо пытался обнаружить в ней хоть какой-нибудь скрытый смысл.
근처 치과 집의 현관 옆에서 자라고 있는 것 같은 빈약한 자작나무가 아니다.	На фотографии было изображено стадо овец на лугу.
곰 네 마리가 동시에 발톱을 갈 수 있을 정도로 묵직한 자작나무인 것이다.	По краю луга тянулась березовая роща.
잎 이 우거진 모양새를 보니 계절은 봄 인 듯싶었다. 배경의 산 꼭대기에는 아직 눈이 남아 있었다.	Такие березы-гиганты можно встретить лишь на Хоккайдо.
	Здесь уж не те хилые березки, что посадил возле дома зубной врач у меня по-соседству.
	Об одну ТАКУЮ березищу смогли бы, не толкаясь, поточить когти четыре медведя одновременно.
산 중턱의 골짜기에도 조금 남아 있었다. 아마 4월이나 5월쯤 됐을 것이다.	Судя по густой листве на деревьях, дело было, скорее всего, весной.
눈이 녹아 땅바닥이 질척한 계 절이었다. 하늘은 푸르고(아마 푸르겠지.	На горных вершинах вдали еще оставался снег.
흑백 사진이라서 푸르다는 확신은 가 질 수 없었다.	Значит, где-то апрель или май.
어쩌면 연어 살빛인지도 모른다), 흰 구름은 산 위에 엷고 길게 드리워져 있었다.	Время года, когда земля под снегом размывается в кашу.
	Небо голубое (то есть - наверное, голубое: черно-белая фотография не давала уверенности в его голубизне; кто его знает - может, и ярко-розовое, как рыба лосось).
아무리 생각해 봐도 양 떼가 의미하는 것은 양 떼고 자작나 무숲이 의미하는 것은 자작나무숲이며, 흰 구름이 의미하는 건 흰 구름이었다.	Белые облака стелились тонкими полосами над пиками гор.
	Тут уж, сколько ни напрягай воображение, 'стадо овец' может означать только стадо овец, 'березовая роща' имеет смысл лишь как березовая роща, а 'белые облака' не содержат в себе никакой другой информации, кроме того, что это - облака, и цвет у них белый.
그뿐이다. 그 이외에는 아무것도 없다.	Вот и все, и ничего больше.
나는 테이블 위에 그 사지을 내던지고 담배를 한 개비 피우고 나서 하품을 했 다.	Я бросил фотографию обратно на стол, выкурил сигарету и смачно зевнул.
그리고 다시 한 번 사진을 손에 들고, 이번에는 양의 수를 세어 보았다.	Затем снова взял фотографию в руки - и на этот раз попробовал посчитать овец.
	Однако долина была настолько просторной, и все эти овцы разбрелись по ней, как отдыхающие на пикнике, - так беспорядочно, что чем дальше к горизонту уходил я в своих подсчетах, тем труднее было отличить овцу от простого белого пятнышка, белое пятнышко - от обмана зрения, а обман зрения - от пустоты.
그러나 초원을 드넓고 양들은 소풍 나온 아이들이 여기저기 흩어져 도시락을 먹 듯이 뿔뿔이 흩어져 있었으므로, 멀리 가면 갈수록 그것이 양인지 아니면 그저 흰 점인지가 불확실해지고, 얼마 되지 않아 흰 점인지 아니면 눈의 착각인지 분 간할 수 없게 되고, 결국에는 눈의 착각인지 허무인지를 알 수 없게 되었다.	Тогда - делать нечего! - кончиком шариковой ручки я попытался сосчитать хотя бы тех овец, в чьем 'овечестве' был уверен на сто процентов.
할 수 없이 나는 일단 양이라고 확신할 수 있는 것만을 볼펜 끝으로 세어 보 았다.	Худо ли бедно, у меня получилось число тридцать два.
서른 둘이라는 숫자가 나왔다.	Тридцать две овцы.
서른두 마리의 양. 그다지 색다를 것 없 는 풍경 사진이다.	Стандартная, ничем не примечательная фотография.
구도가 잘 잡힌 것도 아니고, 이렇다 할 깊은 맛이 있지도 않았다.	Ни интересной композиции, ни того, что можно назвать 'изюминкой'. И все-таки что-то в ней явно было...
그러나 거기에는 확실히 뭔가가 있었다.	Странный привкус тревоги.
문제의 냄새다. 그것은 내가 사진을 처음 보았을 때도 느꼈고, 지난 석 달 동안 줄곧 느껴 왔던 일이다.	В миг, когда я увидал этот список впервые, именно такое ощущение поселилось в душе и все три последующих месяца уже не покидало меня.
나는 이번에는 소파에 드러누워 얼굴 위로 사진을 들고 양의 수를 다시 한번 세어 보았다.	Я повалился спиной на диван и, держа фотографию над собой, еще раз пересчитал овец.
세른세 마리 서른세 마리?	Тридцать три овцы.
나는 눈을 감고 고개를 흔들어 머리 속을 비웠다.	ТРИДЦАТЬ ТРИ?!?
그래 좋아'라고 나는 생각 했다. 설사 무슨 일이 일어날 거라 하더라도 아직은 아무 일도 일어나지 않은 것이다.	Я зажмурился и помотал головой, пытаясь вытряхнуть скопившуюся в ней чертовщину...
그리고 뭔가 일어났다면, 그건 이미 일어나 버린 일이다.	А, ладно, сказал я себе.
나는 소파에 누운 채 다시 한 번 양의 수에 도전해 봤다.	Чему быть, того не миновать.
그리고 오후에 마 신 두 잔의 위스키에 어울리는 깊은 잠에 빠졌다.	А что случилось - того уже не изменишь.
잠들기 전에, 나는 아주 잠깐 새 여자 친구의 귀에 대해서 생각했다.	Лежа на диване, я собрался с духом и начал считать овец заново.
	За этим занятием меня и сразил тот внезапный глубокий сон, какой случается, если пить двойной виски сразу после обеда.
	За миг до того, как уснуть, я подумал об ушах своей новой подруги.
5. 차와 그 운전사(1)	5. АВТОМОБИЛЬ И ЕГО ВОДИТЕЛЬ (1)
 데리러 온다던 차는 약속대로 네 시에 왔다.	Машина за мной, как и было назначено, прибыла ровно в четыре.
비둘기 시계처럼 정확했다. 여 사원이 나를 깊은 잠의 늪에서 끌어내 주었다.	
나는 세면실에서 대충 세수를 했는 데도 졸음이 통 가실질 않았다.	Секунда в секунду - словно кукушка из часов.
엘리베이터를 타고 아래층에 도착할 때까 지 세 번이나 하품을 했다.	Девочка-секретарша вызволила меня из бездонного сна.
누군가에게 무언가를 호소하는 듯한 하품이었는데, 호소를 하는 쪽도 그 호소를 받는 쪽도 나였다.	Я наскоро сполоснул лицо в туалете, но сонливость не проходила.
그 거대한 자동차는 건물 현관 앞의 길 위의 잠수함처럼 떠 있었다.	В лифте, пока тот вез меня вниз, я трижды зевнул.
	Зевнул так, будто зевками звал кого-то на помощь; хотя в моем случае и тем, кто звал, и тем кого звали, мог быть разве только я сам.
조심성 있는 가족이라면 보닛 속에서라도 지낼 수 있을 정도로 거대한 차였다. 유리창 이 칙칙한 파란색이라 밖에서 안을 들여다 볼 수 없도록 되어 있었다.	Гигантский автомобиль громоздился у входа в здание, точно подводная лодка, всплывшая из океанской пучины.
차체는 그야말로 장엄한 검정색이었고, 범퍼에서 휠 캡에 이르기까지 얼룩 하나 없었다.	Скромная небольшая семья могла бы неплохо разместиться под капотом этой громадины.
차 옆에는 말끔한 흰 셔츠에 오렌지색 넥타이를 맨 중년의 운전사가 꼿꼿한 자세로 서 있었다.	Стекла мрачно-синего цвета не позволяли даже в общих чертах разобрать, что творится внутри.
	Корпус машины был покрыт умопомрачительной черной краской, и куда ни глянь, везде - от бампера до колпаков на колесах - не было ни пылинки, ни пятнышка.
진짜 운전사였다. 그는 내가 다가가자 아무 말없이 문을 연 다음, 내가 정확히 자리에 앉는 것을 확인하고 나서 문을 닫았다.	Водитель - средних лет, с оранжевым галстуком поверх свежайшей белой сорочки - стоял навытяжку рядом с автомобилем.
그리고 자기도 운전석에 올라타고 문을 닫았다.	То был Водитель в полном смысле слова.
	При моем приближении он, ни слова не говоря, распахнул дверцу автомобиля, внимательно проследил за тем, чтобы я устроился на сиденье поудобнее, и только тогда закрыл дверцу.
이 모든 일이 진행되는 데 새 트럼프를 한 장씩 뒤집을 때 정도의 소리밖에 나지 않았다.	Потом он занял место за рулем и так же мягко затворил дверцу за собой.
친구에게서 산 내 15년된 폴크스바겐에 비하면, 귀마개를 하고 호수 밑바닥에 앉아 있는 것처 럼 조용했다.	Звука от этих действий происходило не больше, чем от перетусовывания колоды карт.
차의 내부 장식도 대단했다. 대형 차의 액세서리가 그렇 듯 결코 품위가 있 다고는 할 수 없었지만, 그래도 대단한 것임에는 틀림이 없었다.	Куда там моему пятнадцатилетнему 'жучку'-фольксвагену, приобретенному у приятеля по дешевке!
널찍한 뒷좌석 한가운데에는 고상한 디자인의 푸시 폰이 설치되어 있었고, 그 옆에는 은으로 된 라이터와 재떨이, 담배 케이스의 세트가 나란히 놓여 있었다.	Находиться в этой машине было все равно, что сидеть на дне озера с затычками в ушах.
운전석 위에는 조립식 책상과 작은 캐비닛이 놓여 있어서 글을 쓸 수 있거나 간단한 식사를 할 수 있도록 되어 있었다.	Внутри автомобиля все было тоже очень солидно.
	И хотя у человека, который решал, что подходит для салона огромного лимузина, был не самый безупречный вкус ╜ результаты его усилий оказались просто внушительными.
	Между подушек необъятного заднего сидения утопал шикарный кнопочный телефон, и с ним рядом на пульте я обнаружил пепельницу, сигаретницу и зажигалку ╜ все из чистого серебра.
	В спинке кресла водителя были встроены откидной столик и секретер для письменных принадлежностей - и перекусить, и поработать с бумагами.
에어컨디셔너의 바람은 조용하고 자 연스러웠으며, 바닥에 깐 카펫은 부드러웠다.	Из кондиционера дул едва различимый ветерок, а пол устилало мягкое ковровое покрытие.
정신을 차렸을 때, 차는 이미 움직이고 있었다. 마치 놋대야를 타고 수은으로 된 호수를 미끄러져 가는 것 같았다.	О том, что машина тронулась, я догадался, когда мы уже были в пути.
	Казалось, будто в каком-то железном тазу я бесшумно скольжу по гладкой как ртуть поверхности огромного озера.
나는 도대체 이 차에 얼마만큼의 돈을 들 였을까 생각해 보았지만, 아무리 골똘히 생각해 봐도 허사였다.	Я попытался прикинуть, сколько денег ухлопали на этот автомобиль - но представить это оказалось мне не под силу.
모든 것은 내 상상력의 범위를 초월했다.	Это просто выходило за пределы моего воображения.
운전사는 내게 '음악이라도 틀까요?' 하고 물었다.	- Из музыки что пожелаете? - осведомился водитель.
되도록 잠이 올 만한 거면 좋겠는데' 라고 나는 대답했다.	- Хорошо бы что-нибудь... усыпляющее, - ответил я.
알겠습니다.'	- Как изволите.
운전사는 좌석 밑을 손으로 더듬어 카세트 테이프를 골라 계기반의 스위치를 눌렀다.	Откуда-то из под сиденья водитель выудил кассету, вставил в панель перед собой и нажал кнопку.
어딘가에 교묘하게 숨겨진 스피커에서 무반주 체로 소나타가 조용히 흘러 나왔다.	Из динамиков, скрытых неведомо где, выплеснулась и потекла, заполняя салон, соната для виолончели.
나무랄 데 없는 곡에다 나무랄 데 없는 소리였다.	Безупречная музыка, безукоризненный звук.
언제나 이 차로 손님을 모십니까?' 라고 나는 물어 보았다.	- А вы что же, все время вот так... клиентов развозите? - спросил я.
그렇습니다. 최근에는 늘 이 차로 모셨습니다.'	- Да, - осторожно ответил водитель.
라고 운전사는 조심스럽게 대답했다. '그래요?' 라고 나는 말했다.	- В последнее время - постоянно. - А-а, - протянул я.
이것은 원래 선생님 전용차였거든요' 라고 잠시 후에 운전사는 말했다. 운전사는 보기보다는 훨씬 붙임성이 있는 것 같았다.	- Вообще говоря, это персональная машина Сэнсэя, - продолжал водитель после небольшой паузы.
하지만 금년 봄부터 몸이 안 좋아지셔서 바깥 출입을 안 하시게 되었는데, 그 렇다고 차를 놀리는 것도 그렇게 해서요.	В душе он, похоже, был гораздо приветливее, чем казался на вид.
그리고 잘 아시겠지만, 차라는 것은 정기적으로 움직여 주지 않으면 성능이 저하되거든요.'	- Да нынешней осенью Сэнсэй занемог, и из дому теперь не выходит И мы с машиной оказались вроде как не у дел.
나는 '아 그렇겠군요' 라고 말했다. 그렇다면 선생의 건강이 나쁘다는 것은 비밀도 아닌 셈이다.	Ну, а у машины - вы, наверное, сами знаете ╜ если долго не заводить, снижаются технические возможности...
나는 담배 케이스의 담배 한 개비를 손으로 집어서 바라보았다.	- И не говорите, - сказал я.
상표명이 없는 오리지널 궐련인데, 코에 가까이 대보니 러시아 담배에 가까운 냄새가 났다.	Значит, из болезни Сэнсэя вовсе не делалось особенной тайны.
나 는 피울까 아니면 호주머니에 넣어 둘까 한동안 망설이다가 생각을 고쳐 먹고 제자리에 놓았다.	Я вытянул из сигаретницы сигарету и исследовал ее со всех сторон.
라이터와 담배 케이스에는 한가운데에 정교하게 도안 된 문 장(紋章)이 새겨져 있었다. 양문장이었다.	Сделано по заказу, без фильтра, оба конца обрезаны, без торговой марки, без имени фирмы-изготовителя.
양? 무슨 생각을 해도 부질없을 것 같아서 나는 고개를 젓고 눈을 감았다.	По запаху это напоминало русский табак.
귀가 찍힌 그 사지을 처음 봤던 오후부터 내내, 내가 감당할 수 없는 여러 가지 일들 이 벌어지기 시작했던 것 같다.	Поколебавшись немного - закурить или сунуть в карман? - я передумал и вернул сигарету на место.
	И на зажигалке, и на сигаретнице прямо по центру были впаяны тончайшей гравировки геральдические гербы.
목적지까지 얼마나 걸리지요?'	На гербах были овцы.
라고 나는 물어 보았다.	Овцы?!...
30분에서 40분, 교통 사정에 따라 다르지만요.' '그럼 냉방을 조금 약하게 해주시겠어요?	Я почувствовал, что здесь уже бесполезно пытаться что-то понять, и поэтому просто помотал головой и закрыл глаза.
	С того полудня, когда я впервые увидел фотографию ушей, похоже, слишком много вещей вокруг стало выходить из под моего контроля.
좀더 자고 싶은데.' '알겠습니다.'	- Сколько нам еще ехать? - спросил я у водителя.
운전사는 에어컨디셔너를 조절하고 나서 계기반 스위치 중 하나를 눌렀다.	- Минут тридцать - ну, может, сорок...
두툼한 유리가 소리 없이 스르르 올려져 운전석과 뒷좌석 사이를 차단시켰다.	Смотря как дорога будет заполнена.
좌석은 바하의 음악을 제외하면 거의 완벽할 정도로 침묵에 싸였다.	- Тогда, будьте любезны, сделайте ветерок послабее.
그러나 나 는 이미 웬만한 일에는 놀라지 않게 되었다.	Я тут, понимаете, один сон не успел досмотреть...
나는 시트에 뺨을 묻고 잠들었다.	- Как прикажете.
꿈속에는 젖소가 나왔다. 비교적 말쑥했는데 나름대로 고생도 해온 듯한 타 입의 젖소였다.	Водитель настроил кондиционер и нажал какую-то кнопку на центральной панели.
	Массивное стекло, плавно поднявшись, отрезало пассажирский салон от сиденья водителя.
	И если бы не еле слышная музыка Баха, я бы сказал, что салон затопила абсолютная, космическая тишина.
우리는 넓은 다리 위에서 스치듯 지나갔다. 기분 좋은 봄날 오 후였다.	Впрочем, к тому моменту меня уже трудно было чем-либо поразить.
젖소는 한 손에 낡은 선풍기를 들고서 나에게 그것을 싸게 사지 않겠 느냐고 물었다.	Зарывшись в подушку сиденья, я спал крепким сном.
나는 돈이 없다고 대답했다. 정말로 없었다.	В сон ко мне явилась корова.
	Вполне опрятная, чистенькая коровка ╜ но какая-то исстрадавшаяся и заметно побитая жизнью.
그럼 집게와 교환하면 어떻겠느냐고 젖소가 물었다.	Мы встретились нос к носу на широком мосту.
나쁘지 않은 제안이었다. 나는 젖소와 함께 집으로 돌아가 열심히 집게를 찾았다.	Ласковое весеннее солнце клонилось к закату.
	В одном копыте корова держала старенький электрический вентилятор, предлагая мне - мол, не купишь ли, дешево отдам.
그러나 집게는 보이지 않았다.	Денег нет', - сказал я.
이상한데. 정말로 어제까지 있었는데' 라고 나는 말했다.	Денег и правда не было.
내가 선반 위를 살펴보기 위해서 의자를 가져온 장면에서, 운전사가 내 어깨 를 두드리며 깨웠다.	Ну, давай хоть на плоскогубцы махнемся, ' - сказала корова.
도착했습니다.'	Звучало заманчиво.
	Мы пошли с коровой ко мне, и я перевернул все в доме вверх дном, пытаясь найти плоскогубцы.
라고 운전사는 간결하게 말했다.	Но их нигде не было.
문이 열리더니 저녁 무렵의 여름 햇살이 내 얼굴에 내리쬐었다.	Очень странно, - сказал я корове.
	- Ведь еще вчера они были!...'. Я потащил стул к антресолям, чтоб поискать и там, но водитель уже будил меня, хлопая по плечу.
몇천 마리의 매미가 시계의 태엽을 감는 것처럼 울어대고 있었다.	- Приехали! - бросил он односложно.
흙 냄새도 났다. 나는 차에서 내려 기지개를 켠 후에 심호흡을 했다.	Дверь открылась, и лучи летнего предзакатного солнца обласкали мое лицо.
	Мириады сверчков издавали скрежет, будто кто-то проворачивал ключ у гигантского механического будильника.
그리고 내가 꾼 꿈이 상 징적인 꿈이 아니길 빌었다.	Пахло землей.
	Я выбрался из машины, размял спину, глубоко вздохнул и помолился Небу, чтобы мой сон не имел отношения к так называемым 'Символическим Сновидениям'.
	
6. 실지렁이 우주란 무엇인가?	6. ВСЕЛЕННАЯ ГЛАЗАМИ ЧЕРВЯКА
	
상징적인 꿈이 있고, 그런 꿈이 상징하는 현실이 있다. 또는 상징적인 현실이 있고, 그런 현실이 상징하는 꿈이 있다.	Бывают символические сновидения - и реальная жизнь, которую они символизируют.
	Или же наоборот: бывает символическая жизнь - и сновидения, в которых она реализуется.
상징은 말하자면 실지렁이 우주의 명예 시장(市長)이다. 실지렁이 우주에서는 젖소가 집게를 찾고 있어도 조금도 이상 하지 않다.	Символ - почетный мэр города, если смотреть на Вселенную глазами крохотного червячка.
	Во Вселенной Глазами Червяка никто не станет удивляться, зачем корове плоскогубцы.
	Раз ей так хочется, достанутся ей эти несчастные плоскогубцы ╜ не сейчас, так потом.
젖소는 언젠가 집게를 손에 넣을 것이다. 나와는 관계없는 문제다.	Мне-то с моими проблемами от этого не легче...
그러나 만약에 젖소가 나를 이용해서 집게를 손에 넣으려고 한다면, 상황은 완전히 바뀐다.	Иное дело, если для того, чтобы раздобыть себе плоскогубцы, корова решила использовать именно меня.
나는 사고 방식이 전혀 다른 우주에 내던져지게 된다.	Тогда ситуация в корне меняется.
사고 방 식이 다른 우주에 내던져져 가장 난처한 일은 말이 길어지는 것이다.	Тут уж меня забрасывает в совершенно чужие измерения, где кто-то другой видит все совсем по-другому.
내가 젖 소에게 묻는다. '왜 너는 집게를 원하는 거지?'	Когда вдруг тебя забрасывает в другое измерение, самое неудобное - это долгие разговоры.
젖소가 대답한다. '배가 몹시 고파서요.'	На фига тебе плоскогубцы?' - спрошу я корову.
내가 묻는다. '배가 고픈데 왜 집게가 필요한 거지?'	Очень кушать охота', - ответит она.
젖소가 대답한다. '복숭아나무 가지에 묶는 거지요.'	А на фига плоскогубцы, когда кушать охота?' - спрошу я.
내가 묻는다. '왜 복숭아나무지?'	А повешу на ветку с персиками!' - ответит она.
젖소가 대답한다. '그러니까 선풍기를 넘겨준 거 아닙니까?'	А ветка с персиками - на фига?' - спрошу я.
끝이 없다. 그리고 나는 끝없이 젖소를 미워하기 시작하고, 젖소도 나를 미워 하기 시작한다.	Так ведь я ж тебе целый вентилятор взамен отдаю!' - ответит она.
그것이 실지렁이 우주다.	И так без конца.
	И вот в бесконечном таком разговоре я постепенно начну ненавидеть корову, а корова начнет ненавидеть меня.
그런 우주에서 빠져 나오기 위해서는 다시 한 번 다른 상징적인 꿈을 꾸는 수밖에 없다.	Так и случается во Вселенной Глазами Червяка.
1978년 9월의 오후에 바퀴가 넷 달린 그 거대한 차가 나를 데리고 간 곳은, 바로 그와 같은 실지렁이 우주의 중심이었다.	И единственный способ убежать оттуда - это поскорее увидеть еще какой-нибудь сон.
	И вот теперь, сентябрьским полднем 1978 года, четырехколесное железное чудище завезло меня в самый центр Вселенной Глазами Червяка...
요컨대 나의 바람은 각하(却下)된 것이다. 나는 주위를 돌아보고 나서 무의식적으로 한숨을 쉬었다.	Надо понимать, вопрос с моими молитвами там, на небесах, был решен отрицательно.
한숨을 쉴 만한 가 치는 있었다. 차는 약간 높은 언덕의 중심에 서 있었다.	Я огляделся и невольно вздохнул.
뒤에는 차가 올라온 듯한 자갈길 이 이어져 있었고, 그것은 인위적일 정도로 구불구불 구부러지면서 멀리 보이는 문으로 통해 있었다.	Вздыхать - единственное, что оставалось в моей ситуации.
길 양쪽에는 노송나무와 수은등이 연필 꽂이처럼 같은 간 격으로 늘어서 있었다.	Машина стояла на вершине небольшого холма.
천천히 걸으면 문까지 아마도 15분 정도는 걸릴 것 같 았다. 노송나무의 줄기마다 셀 수 없을 만큼의 매미들이 기를 쓰고 매달려, 세 계가 종말이라도 향해 굴러가기 시작한 듯이 울어대고 있었다.	Дорожка из гравия, по которой мы, надо думать, сюда и приехали, убегала вниз по склону за нашей спиной, петляя вычурным серпантином до едва различимых вдали ворот.
노송나무 가로수의 바깥쪽은 가지런히 손질한 잔디밭이었고, 언덕의 경사를 따라서 철쭉과 수국 외에도 이름 모를 식물들이 끝없이 흩어져 있었다.	Слева и справа тянулись рядами криптомерии и ртутные фонари - на одинаковом расстоянии друг от друга, длинные и острые, как заточенные карандаши.
찌르레 기 한 떼가 잔디 위를 흘러내리는 모래처럼 오른쪽에서 왼쪽으로 이동하고 있었 다.	Неспешно добрести до ворот можно было, наверно, минут за пятнадцать.
	Деревья осаждали полчища неистребимых сверчков, и воздух дрожал от скрежета, не оставлявшего ни малейших сомнений в том, что конец света уже начался.
	Трава под деревьями ближе к дорожке была аккуратно подстрижена, и с наклонных обочин на меня таращились рассаженные в беспорядке то ли азалии, то ли розалии, то ли еще какие-то рододендроны.
언덕의 양쪽에는 좁은 돌층계가 있었고, 오른쪽으로 내려가면 석등과 연못이 있는 일본식 정원이, 왼쪽으로 내려가면 작은 골프 코스가 있었다.	Стайка скворцов неторопливо переправлялась по газону справа налево, чудно шевелясь и волнуясь, как зыбучий песок.
	По склонам холма вниз к подножью спускались мраморные ступени: направо - к японскому саду с прудом и каменными светильниками, налево - к небольшому полю для гольфа.
	На одном краю поля виднелась беседка непередаваемой расцветки мороженого с изюмом, на другом - маячила каменная статуя какого-то типа из греческой мифологии.
	Позади статуи громоздился исполинских размеров гараж: у самого входа еще один водитель поливал водой из шланга еще один автомобиль.
골프 코스 옆에는 럼레이즌 아이스크림 같은 색깔의 휴식용 정자가 있었고, 그 너머에는 그리스 신화풍 석상이 있었다.	Марки машины я не разобрал, но в том, что это не подержанный 'фольксваген', сомневаться не приходилось.
석상 맞은편에는 거대한 차고가 있었는데 다른 운전사가 다른 차에 호스로 물을 뿌리고 있었다.	Скрестив руки на груди, я еще раз обвел взглядом окрестности.
차종까지는 알 수 없었지만, 중고 폴크스바겐이 아닌 것만은 확실했다.	Идеально, не к чему прицепиться...
나는 팔짱을 낀 채 다시 한 번 정원을 빙 둘러보았다.	Голова раскалывалась от боли.
흠잡을 데 없는 정원 이었지만, 약간 머리가 아팠다. '우편함은 어디에 있지요?'	- А где почтовый ящик? - спросил я на всякий случай.
하고 확인 삼아 물어 보았다. 아침 저녁으로 누가 문까지 신문을 가지러 가 는데 신경이 쓰였기 때문이다.	Интересно, кого они тут гоняют за почтой по утрам и вечерам.
우편함은 뒷문에 있습니다' 라고 운전사는 대답했다.	- Почтовый ящик - на задних воротах, - ответил водитель.
당연한 이야기였다. 물론 뒷문이 있었다.	Само собой, чего спрашивать.
나는 정원을 살펴보고 나서 우뚝 솟아 있는 건물을 올려다보기 위해 정면을 향했다. 그것은 뭐랄까, 매우 고독한 건물이었다.	Конечно, должны быть и задние ворота Я перестал озираться, посмотрел прямо перед собой и уперся взглядом в огромных размеров дом.
예를 들어 거기에는 하나의 개념이 있다. 그리고 거기에는 물론 약간의 예외가 있다.	То было - как лучше сказать? - просто пугающе одинокое здание.
그러나 시간이 지남에 따라 서 그 예외가 얼룩처럼 번져 마침내는 하나의 다른 개념이 되고 만다.	Скажем так: жило-было на свете Одно Общепринятое Утверждение.
그리고 거기에 다시 약간의 예외가 생긴다-한마디로 말하면 그런 느낌의 건물이었다.	И были у него, как водится, свои маленькие исключения.
	Но годы шли, исключения росли, расползались безобразными пятнами по телу родителя - и спустя какое-то время превратили и его, и себя уже в Абсолютно Другое, чуть ли даже не в Совершенно Обратное Утверждение.
목적지를 모르는 채 아무렇게나 진화한 고대 생물처럼도 보였다. 우선 처음에는 메이지(明治)풍의 양옥 구조인 것 같았다.	Тоже, разумеется, со своими маленькими исключениями...
천장이 높은 고전적 인 현관과 그것을 감싸고 있는 2층짜리 크림색 건물이었다.	Черт его знает, как еще лучше выразиться.
창은 긴 이중창이 었는데 페인트는 몇 번이나 칠한 것 같아 보였다.	Но именно так и выглядело это здание.
	Сильнее всего оно смахивало на доисторическую рептилию, чье тело в результате беспорядочных мутаций - зигзагов слепой эволюции - развилось до ненормальных, ей самой мешавших размеров.
지붕은 물론 구리판으로 이 어져 있었고, 홈통은 로마의 상수도처럼 견고했다. 건물이 그다지 나쁘지 않았 다.	По первоначальному плану здесь, видимо, имелся в виду европейский стиль периода Мэйдзи.
확실히 옛날 좋았던 시절의 기품 같은 것이 느껴졌다. 그런데 그 안채의 오른편에 어떤 익살맞은 건축가가 거기에 맞출 요량으로 같 은 경향과 같은 계열의 색으로 된 별채를 붙여 놓았다.	Над высокой классической аркой парадного хода громоздилось двухэтажное строение в кремовых тонах.
의도한 바는 나쁘지 않 았지만, 그 두 채는 도무지 어울리지 않았다.	Старомодные узкие окна с двойными рамами.
마치 은 접시에 셔벗과 보로콜리 를 함께 담아 놓은것 같은 느낌이었다.	Стены много раз перекрашивали.
	Крыша, как полагается, была покрыта листовой медью, а водостоки проложены с хитроумием и основательностью строителей римского водопровода.
몇십 년이라는 세월이 그렇게 아무 변 화 없이 흘렀고, 그 곁에 석조 탑 같은 것이 보태졌다.	В общем, что касается самого дома, он был вовсе не так и плох.
그리고 탑의 꼭대기에는 장식적인 피뢰침이 설치되어 있었다. 그것이 잘못의 원인이었다.	Что ни говори, в нем ощущалось какое-то утонченное благородство старого доброго времени.
	Но уже справа от главного здания какому-то другому весельчаку-архитектору взбрело в голову пристроить еще два крыла ╜ поменьше, но, по возможности, в том же стиле и той же расцветки.
벼락을 맞아 타버렸어야 했다. 장중한 두 건물은 통해 이어져 있었고 그것은 또다시 일직선으로 별관으로 이어졌다.	Задумка сама по себе неплохая, но результат оказался плачевным: пристройки эти ни по цвету, ни по духу с главным зданием не совпадали.
그 별관이라는 것이 또 기묘한 건물이었는데, 적어도 거기에선 일관 된 테마를 느낄 수 있었다. '사상의 상반성'이라고 할 만한 것이다.	Впечатление было такое, как если бы кто-то додумался смешать шербет со спаржей и подать эту несуразицу к столу на красивом серебряном блюде.
	В таком виде сей абсурд простоял, вероятно, не один десяток лет, после чего с самого боку к нему прилепили еще и башенку-флигель из серого камня.
한 마리의 당나귀가 좌우에 같은 양의 꼴을 놓고 어느 쪽부터 먹어야 할 지 결정하지 못한 채 굶어 죽어 가는, 그런 종류의 비애가 그 건물에는 감돌고 있었다.	При этом на верхушку флигеля насадили металлический шпиль декоративного громоотвода.
안채 왼편에는 그와 대조적으로 다이라(平) 가문이 권세를 휘두르던 시대(역 주:일본의 중세 시대에 해당)의 일본식 가옥이 길게 뻗어 있었다.	Явный ляпсус: первая же молния, попади она в эту штуку, спалила бы все здание с потрохами.
울타리와 잘 손질된 소나무가 있었으며, 고급스런 복도가 볼링장의 레인처럼 쭉 뻗어 있었다.	Крытый переход вел из флигеля к еще одному строению.
	Как и все предыдущее, этот суррогат архитектуры был также отмечен печатью Абсурда, но здесь, по крайней мере, ощущалась некая тематическая завершенность.
	Назовем это 'идейным самосопротивлением': именно такой вид мировой скорби глодал душу осла, который, стоя меж двух одинаковых стогов сена, никак не мог выбрать, с какого начать - да так и сдох с голодухи.
	Слева же от главного здания ╜ резким контрастом ко всему, что я видел справа, ╜ тянулись стены одноэтажного японского особняка.
	С живой изгородью, заботливо ухоженными сосенками и великолепными верандами, прямыми и длинными - хоть устраивай кегельбан.
어쨌든 그만한 건물이 예고편이 있는 동시 상영 영화 세 편처럼 언덕 위에 펼 쳐진 풍경은 꽤 볼 만했다.	Как бы то ни было, весь пейзаж смотрелся с холма точно странный фильм из трех разных частей вперемежку с рекламой.
	И если предположить, что фильм этот снимали продуманно, в течение многих лет, с осознанной целью: сгонять со зрителя сонливость и хмель, - то я бы сказал, расчет режиссера полностью оправдался.
만약에 그것이 누군가의 취가와 졸음을 떨쳐 버리 기 위해 오랜 세월에 걸쳐서 설계된 것이었다면, 그 의도는 제대로 들어맞았다 고 볼 수 있다.	Хотя, конечно, никакого особого умысла здесь быть не могло.
그러나 물론 그럴 리는 없었다. 다양한 시대가 낳은 다양한 이 류의 재능이 막대한 돈과 결부되어야 이런 풍경 만들어지는 것이다.	Просто вот так и бывает, когда кучку посредственностей, рожденных в разных эпохах, связывает один капитал.
나는 꽤 오랫동안 정원과 저택을 바라보고 있었음에 틀림없다.	Изучение усадьбы и ее окрестностей отняло у меня куда больше времени, чем я ожидал.
	Не успел я подумать об этом, как заметил, что все это время водитель простоял рядом со мной, уставившись в часы на руке.
불현듯 정신 을 차렸을 때에는 운전사가 바로 내 곁에 서서 손목 시계를 들여다보고 있었다. 어딘지 모르게 익숙한 동작이었다.	При этом в позе его чувствовалось что-то чересчур отшлифованное.
	Можно было подумать, что каждый гость, которого он доставлял сюда, выходил из машины точнехонько в том же месте, где вышел я, точно так же остолбеневал и с таким же ошарашенным видом разглядывал этот странный пейзаж.
아마도 그가 데리고 온 모든 손님이 나와 똑같은 장소에 오랫동안 서서, 똑같이 멍하니 주위의 풍경을 바라본 모양이었다.	- Если хотите еще посмотреть - пожалуйста, можно не торопиться, - промолвил водитель.
둘러보실려면 천천히 보십시오.	- Есть целых восемь минут.
아직 8분 가량 여유가 있으니까요' 라고 그는 말했다.	- Просторное местечко!... - сказал я.
굉장히 넓군요' 라고 나는 말했다. 그 이외에 적당한 표현이 떠오르지 않았던 것이다. '3,250평이 됩니다' 라고 운전사가 대꾸했다.	Ничего более подходящего мне в голову не пришло. - Три тысячи двести пятьдесят цубо, - сообщил водитель.
활화산이라도 있으면 어울리겠군' 하고 나는 농담을 해보았다.	- А действующего вулкана у вас тут случайно нет? - попытался я пошутить.
그러나 물론 농담은 통하지 않았다.	Шутка, разумеется, повисла в воздухе.
여기서는 아무도 농담 따위를 하지 않는 것이다. 그런 식으로 8분이 지나갔다.	В этом месте никто никогда не шутил.
내가 안내된 곳은 현관 바로 오른편에 있는 다다미 여덟 장 정도 크기의 서양 식 방이었다.	Так прошло еще восемь минут.
천장은 굉장히 높고, 벽과 천장이 맞닿는 경계선에는 빙 둘러 조 작이 되어 있었다.	От парадного входа меня провели направо в небольшой, метра три на четыре, кабинет в европейском стиле.
세월을 느끼게 하는 차분한 분위기의 소파와 탁자가 놓여 있고, 벽에는 리얼리즘의 극치라고 할 만한 정물화가 걸려 있었다.	До головокружения высокий потолок; между стенами и потолком бежала замысловатая фигурная лепка.
	Из мебели в комнате стояли антикварного вида стол и пара диванов, а на стене висел натюрморт, демонстрировавший, до чего способен дойти реализм в своем апогее.
사과와 화병과 페이퍼 나이프, 화병으로 사과를 쪼개고 나서 페이퍼 나이프로 껍질을 벗기는지도 모른다.	Яблоки, цветочная ваза и нож для разрезанья бумаги.
씨와 속은 화병에 넣어 두면 된다. 창에는 두꺼운 천으로 된 커튼과 레이스 커튼이 이중으로 쳐져 있었고, 둘 다 같은 색의 끈으 로 걷어 올려져 있었다.	Видимо, предполагалось раскалывать яблоки вазой, а после ножом для бумаги обдирать кожуру.
커튼 사이로 비교적 괜찮은 부분의 정원이 보였다.	Огрызки и семечки - выбрасывать в ту же вазу.
졸 참나무 바닥인 마룻바닥은 알맞은 빛깔로 윤이 났다. 바닥의 절반을 차지하는 카펫은 낡은 색조에도 불구하고 털은 아주 튼튼했다.	Полураспахнутые занавески из толстой ткани и тюль по обеим сторонам окна аккуратно подобраны и подвязаны шнурками.
나쁘지 않은 방이었다. 정말 나쁘지 않았다.	В окне между ними виднелся вполне симпатичный уголок японского сада.
기모노를 입은 나이 지긋한 가정부가 방으로 들어와 아무 말없이 탁자 위에 포도 주스 잔을 하나 놓고 나갔다.	Натертый дубовый паркет переливался бликами самых приятных оттенков.
	Половину комнаты занимал роскошный ковер, и хотя цвета его заметно поблекли от времени, длина ворса осталась такой, будто на него никогда не ступала нога человека.
그녀의 뒤에서 문이 찰카닥 하고 닫혔다.	Неплохая комната.
그리고 모든 것이 잠잠해졌다.	Совсем неплохая.
테이블 위에는 차 안에서 본 것과 똑같은 은제 라이터와 담배 케이스와 재떨 이가 놓여 있었다.	Вошла средних лет горничная в кимоно, поставила на стол бокал с грейпфрутовым соком и удалилась, не промолвив ни слова.
그리고 그 하나하나에 전에 본것과 똑같은 양의 문장이 새 겨져 있었다.	Дверь тихонько защелкнулась у нее за спиной, и воцарилась мертвая тишина.
나는 호주머니에서 내 필터 담배를 꺼내 은제 라이터로 불을 붙 인 후에 높은 천장을 향해서 연기를 뿜어 냈다.	На столе я увидел серебряный набор: сигаретница, пепельница, зажигалка.
그리고 포도 주스를 마셨다.	Точь-в-точь как в машине.
10분 후에 다시 한 번 문이 열리고 검은 양복을 입은 키 큰 남자가 들어왔다.	На каждом из предметов красовался все тот же овечий герб...
	Я достал из кармана свои сигареты с фильтром, прикурил от серебряной зажигалки, затянулся, выпустил в высокий потолок длинную струю дыма.
남자는 '잘 오셨습니다' 라고도 '오래 기다리셨습니다' 라고도 하지 않았다.	И принялся за грейпфрутовый сок.
	Десять минут спустя дверь снова отворилась, и в комнату вошел высокого роста мужчина в черном костюме.
	Ни 'добро пожаловать', ни 'извините - заставил ждать', ни чего-либо другого он не сказал.
나도 아무 말 하지 않았다.	Я тоже молчал.
	Он сел на диван напротив и, чуть склонив голову набок, принялся разглядывать меня с видом человека, определяющего цену товара на глаз.
남자는 말없이 내 맞은편에 앉아 고개를 약간 갸웃거리며 내 얼굴을 품평이라도 하듯이 한동안 바라보았다.	Мой напарник был прав: выражение на этом лице отсутствовало напрочь.
확실히 내 친구가 말했던 것처럼 남자에게는 표정이라는 것이 없었다.	Так прошло еще какое-то время.
한동안 시간이 흘렀다.	